,Player,Tm,Age,Pos,G,GS,Int,Yds,TD,Lng,PD,FF,Fmb,FR,Yds,TD,Sk,Comb,Solo,Ast,TFL,QBHits,Sfty
0,,,,,,,,,,,,,,,,,,,,,,,
1,Zach Cunningham,HOU,26,ILB,16,16,0,0,0,0,2,1,0,0,0,0,3.0,164,106,58,7,4,
2,Roquan Smith,CHI,23,ILB,16,16,2,16,0,11,7,1,1,1,0,0,4.0,139,98,41,18,6,
3,Devin White,TAM,22,ILB,15,15,0,0,0,0,4,1,0,1,2,0,9.0,140,97,43,15,16,
4,Neville Hewitt,NYJ,27,ILB,16,16,0,0,0,0,4,1,0,1,17,0,2.0,134,91,43,6,4,
5,Jordan Poyer,BUF,29,SS,16,16,2,14,0,14,5,2,0,0,0,0,2.0,124,91,33,4,4,
6,Budda Baker *+,ARI,24,SS,15,15,2,90,0,90,6,1,0,0,0,0,2.0,118,90,28,7,3,
7,Jaylon Smith,DAL,25,ILB,16,16,1,43,0,43,5,0,0,2,21,0,1.5,154,89,65,5,4,
8,Malcolm Butler,TEN,30,CB,16,16,4,111,0,68,14,,,,,,0.0,100,86,14,1,0,
9,Darius Leonard*+,IND,25,MLB,14,14,0,0,0,0,7,3,1,2,3,0,3.0,132,86,46,7,3,
10,Blake Martinez,NYG,26,ILB,16,16,1,2,0,2,5,2,0,1,0,0,3.0,151,86,65,9,6,
11,Joe Schobert,JAX,27,MLB,16,16,3,45,1,43,4,2,0,0,0,0,2.5,141,84,57,6,6,
12,Lavonte David,TAM,30,ILB,16,16,1,-5,0,-5,6,3,0,2,0,0,1.5,117,82,35,12,3,
13,Bobby Wagner*+,SEA,30,MLB,16,16,0,0,0,0,8,0,0,1,0,0,3.0,138,81,57,7,11,
14,Kevin Byard ,TEN,27,FS,16,16,1,0,0,0,7,1,0,0,0,0,0.0,111,79,32,1,1,
15,Fred Warner*+,SFO,24,MLB,16,16,2,3,0,3,6,1,0,2,0,0,1.0,125,79,46,5,7,
16,Jessie Bates III,CIN,23,FS,16,16,3,12,0,12,15,1,0,0,0,0,0.0,109,78,31,2,1,
17,Jordan Hicks,ARI,28,ILB,16,16,1,6,0,6,4,,,,,,0.0,118,78,40,11,1,
18,Foyesade Oluokun,ATL,25,MLB,15,14,2,65,0,51,4,4,1,1,0,0,3.0,117,78,39,4,9,
19,Tremaine Edmunds*,BUF,22,MLB,15,15,0,0,0,0,3,,,,,,2.0,119,77,42,4,3,
20,Justin Simmons *,DEN,27,FS,16,16,5,90,0,46,9,0,0,1,18,0,0.0,96,77,19,3,0,
21,Tyrell Adams,HOU,28,ILB,16,12,0,0,0,0,4,2,0,1,0,0,2.0,125,76,49,5,3,
22,Keanu Neal,ATL,25,FS,15,14,1,0,0,0,2,0,0,1,0,0,1.0,100,76,24,9,3,
23,Adrian Phillips,NWE,28,SS,16,16,2,5,0,5,4,,,,,,1.0,109,76,33,7,1,
24,Alex Singleton,PHI,27,OLB,16,11,1,30,1,30,1,0,0,2,1,0,2.0,120,75,45,5,7,
25,Demario Davis ,NOR,31,OLB,16,16,0,0,0,0,5,,,,,,4.0,119,73,46,10,12,
26,John Johnson,LAR,25,FS,16,16,1,0,0,0,8,,,,,,0.0,105,73,32,2,0,
27,Deion Jones,ATL,26,MLB,16,16,2,84,1,67,6,1,0,1,0,0,4.5,106,73,33,9,10,
28,Avery Williamson,2TM,28,,15,10,1,21,0,21,3,,,,,,1.0,111,73,38,3,2,
29,Myles Jack,JAX,25,MLB,14,14,1,0,0,0,5,1,0,2,16,0,1.0,118,72,46,6,2,
30,,,,,,,,,,,,,,,,,,,,,,,
31,Alexander Johnson ,DEN,29,MLB,16,16,0,0,0,0,2,2,0,0,0,0,1.0,124,72,52,4,5,
32,Jerome Baker,MIA,24,ILB,16,11,0,0,0,0,3,2,0,0,0,0,7.0,112,70,42,7,11,
33,Marlon Humphrey *,BAL,24,CB,15,15,1,8,0,8,11,8,0,0,0,0,2.5,82,70,12,4,4,1
34,Taron Johnson,BUF,24,CB,16,11,1,51,1,51,7,1,0,0,0,0,1.0,94,70,24,5,3,
35,De'Vondre Campbell,ARI,27,ILB,16,16,0,0,0,0,3,1,0,0,0,0,2.0,99,69,30,7,2,
36,Malcolm Jenkins,NOR,33,SS,16,16,3,58,0,48,10,1,0,1,0,0,2.5,91,69,22,7,6,
37,Eric Kendricks,MIN,28,ILB,11,11,3,0,0,0,6,,,,,,0.0,107,69,38,4,1,
38,Jeremy Chinn ,CAR,22,FS,15,15,1,0,0,0,5,2,0,2,45,2,1.0,117,68,49,2,5,
39,Kenny Moore,IND,25,CB,16,14,4,45,1,29,13,1,0,0,0,0,2.0,80,68,12,4,3,
40,Kenneth Murray ,LAC,22,OLB,16,16,0,0,0,0,3,,,,,,1.0,107,68,39,5,1,
41,Logan Ryan,NYG,29,FS,16,15,1,15,0,15,9,3,0,2,0,0,1.0,94,68,26,1,4,
42,Daniel Sorensen,KAN,30,FS,15,11,3,67,1,50,5,2,0,0,0,0,0.0,91,68,23,2,4,
43,Vonn Bell,CIN,26,SS,16,16,0,0,0,0,5,3,0,2,65,0,0.0,114,67,47,3,4,
44,Kareem Jackson,DEN,32,CB,16,16,1,13,0,13,4,0,0,2,2,0,0.0,89,67,22,1,0,
45,Josey Jewell,DEN,26,ILB,16,16,0,0,0,0,4,,,,,,2.0,113,67,46,5,5,
46,Danny Trevathan,CHI,30,ILB,16,16,0,0,0,0,5,1,0,0,0,0,1.0,113,67,46,3,2,
47,Patrick Queen ,BAL,21,MLB,16,16,1,0,0,0,2,2,0,2,53,1,3.0,106,66,40,9,10,
48,Eric Rowe,MIA,28,SS,16,14,2,26,0,22,11,0,0,1,0,0,0.0,91,66,25,1,2,
49,Adrian Amos,GNB,27,FS,16,16,2,47,0,24,9,0,0,1,0,0,2.0,83,65,18,4,3,
50,Anthony Walker,IND,25,MLB,16,16,1,11,0,11,5,0,0,1,0,0,0.0,92,65,27,2,1,
51,Khari Willis,IND,24,SS,14,14,2,93,1,50,6,1,0,0,0,0,2.0,85,65,20,3,4,
52,Tre Herndon,JAX,24,CB,16,12,0,0,0,0,5,,,,,,1.0,76,64,12,4,2,
53,Shaq Thompson,CAR,26,OLB,16,15,0,0,0,0,5,2,0,1,0,0,0.0,114,64,50,6,2,
54,Tracy Walker,DET,25,fs,15,7,0,0,0,0,4,,,,,,1.0,87,64,23,5,2,
55,Antoine Winfield Jr.,TAM,22,FS,16,16,1,16,0,16,6,2,0,1,0,0,3.0,94,64,30,1,4,
56,Kamren Curl,WAS,21,FS,16,11,3,88,1,76,4,,,,,,2.0,88,63,25,4,5,
57,Jeff Gladney ,MIN,24,CB,16,15,0,0,0,0,3,1,0,0,0,0,0.0,81,63,18,7,1,
58,Eddie Jackson ,CHI,27,SS,16,16,0,0,0,0,5,3,0,1,8,1,0.0,82,63,19,1,0,
59,Nicholas Morrow,LVR,25,OLB,14,11,1,6,0,6,9,1,0,1,0,0,3.0,78,62,16,8,6,
60,Justin Reid,HOU,23,SS,13,13,0,0,0,0,4,,,,,,2.0,83,62,21,6,4,
61,,,,,,,,,,,,,,,,,,,,,,,
62,Kenny Vaccaro,TEN,29,SS,13,13,0,0,0,0,5,0,0,1,53,0,1.0,83,62,21,6,1,
63,Eric Wilson,MIN,26,OLB,16,15,3,23,0,16,8,1,0,2,7,0,3.0,122,62,60,8,9,
64,Jonathan Bostic,WAS,29,ILB,16,15,1,0,0,0,3,,,,,,3.0,118,61,57,6,6,
65,Tre Boston,CAR,28,FS,16,16,1,0,0,0,4,1,0,2,0,0,1.0,95,61,34,3,2,
66,Dre Greenlaw,SFO,23,OLB,13,11,0,0,0,0,1,,,,,,1.0,86,61,25,7,2,
67,Vernon Hargreaves III,HOU,25,CB,16,16,1,0,0,0,7,,,,,,0.0,72,61,11,1,0,
68,AJ Terrell ,ATL,22,CB,14,14,1,0,0,0,7,3,0,0,0,0,0.0,74,61,13,3,1,
69,Johnathan Abram ,LVR,24,SS,13,13,2,29,0,24,6,0,0,1,0,0,0.0,86,60,26,3,4,
70,Minkah Fitzpatrick*+,PIT,24,SS,16,16,4,77,1,37,11,1,0,1,-1,0,0.0,79,60,19,1,0,
71,Jonathan Jones,NWE,27,cb,16,7,2,0,0,0,6,1,0,0,0,0,0.0,74,60,14,0,1,
72,K.J. Wright,SEA,31,OLB,16,16,1,7,0,7,10,1,0,2,0,0,2.0,86,60,26,11,3,
73,Jamal Adams *,SEA,25,SS,12,12,0,0,0,0,3,1,0,0,0,0,9.5,83,59,24,11,14,
74,Rashaan Evans,TEN,25,ILB,16,16,0,0,0,0,5,0,0,1,25,0,0.5,96,59,37,1,4,
75,B.J. Goodson,CLE,27,ILB,14,14,2,7,0,7,6,0,0,1,0,0,0.5,91,59,32,2,3,
76,Josh Jones,JAX,26,SS,13,13,1,0,0,0,1,,,,,,0.0,83,59,24,0,0,
77,Jalen Mills ,PHI,26,SS,15,15,1,5,0,5,3,1,0,0,0,0,1.5,74,59,15,4,5,
78,Nasir Adderley,LAC,23,FS,15,14,1,39,0,39,3,0,0,1,1,0,0.0,69,58,11,0,1,
79,Anthony Harris,MIN,29,FS,16,16,0,0,0,0,7,,,,,,0.0,104,58,46,2,0,
80,Rayshawn Jenkins,LAC,26,SS,15,15,2,23,0,23,4,,,,,,1.0,84,58,26,4,1,
81,Chuck Clark,BAL,25,SS,16,16,1,0,0,0,4,2,1,3,66,1,1.5,96,57,39,3,4,
82,Bobby Okereke,IND,24,mlb,14,8,1,7,0,7,6,0,0,2,11,0,0.0,72,57,15,4,1,
83,Jabrill Peppers ,NYG,25,SS,15,14,1,6,0,6,11,1,0,1,0,0,2.5,91,57,34,8,3,
84,Lonnie Johnson Jr.,HOU,25,cb,16,5,,,,,,,,,,,0.0,76,56,20,1,3,
85,Cory Littleton,LVR,27,OLB,14,14,,,,,,,,,,,0.0,82,56,26,4,0,
86,Trayvon Mullen,LVR,23,CB,16,16,2,0,0,0,14,,,,,,0.0,64,56,8,2,0,
87,Darnell Savage Jr.,GNB,23,SS,15,15,4,13,0,9,12,0,0,1,0,0,1.0,75,56,19,3,2,
88,Jamie Collins,DET,31,OLB,14,14,1,1,0,1,6,3,0,1,0,0,1.0,101,55,46,6,3,
89,Troy Hill,LAR,29,CB,16,16,3,119,2,84,10,1,0,2,20,1,0.0,77,55,22,1,0,
90,Michael Ojemudia ,DEN,23,CB,16,11,0,0,0,0,6,4,0,0,0,0,0.0,62,55,7,1,0,
91,Germaine Pratt,CIN,24,OLB,16,15,0,0,0,0,2,,,,,,0.0,89,55,34,5,0,
92,,,,,,,,,,,,,,,,,,,,,,,
93,Duron Harmon,DET,29,SS,16,16,2,22,0,21,5,,,,,,0.0,73,54,19,0,1,
94,Terrance Mitchell ,CLE,28,CB,16,16,0,0,0,0,13,3,0,0,0,0,0.0,65,54,11,2,0,
95,Harrison Smith,MIN,31,SS,16,16,5,33,0,16,10,,,,,,0.5,89,54,35,2,5,
96,Josh Bynes,CIN,31,ILB,16,16,0,0,0,0,2,0,0,1,0,0,1.0,99,53,46,5,2,
97,Shaquill Griffin ,SEA,25,CB,12,12,3,20,0,16,12,,,,,,0.0,63,53,10,2,0,
98,Lamarcus Joyner,LVR,30,cb,14,6,0,0,0,0,5,,,,,,0.0,66,53,13,6,0,
99,Dre Kirkpatrick,ARI,31,CB,14,11,3,13,0,13,7,,,,,,0.0,56,53,3,0,0,
100,A.J. Klein,BUF,29,OLB,16,11,0,0,0,0,4,2,0,1,0,0,5.0,75,53,22,5,9,
101,Nick Kwiatkoski,LVR,27,ILB,12,12,1,9,0,9,4,1,0,0,0,0,1.0,81,53,28,3,2,
102,Sean Murphy-Bunting,TAM,23,CB,16,13,1,0,0,0,3,1,0,1,3,0,0.0,70,53,17,3,1,
103,Troy Reeder ,LAR,26,ilb,16,7,0,0,0,0,2,,,,,,3.0,81,53,28,5,4,
104,Darius Slay,PHI,29,CB,15,14,1,25,0,25,6,,,,,,0.0,59,53,6,2,0,
105,Jordan Whitehead,TAM,23,SS,16,16,2,2,0,2,4,1,0,1,0,0,2.0,74,53,21,9,3,
106,Carlton Davis,TAM,24,CB,14,14,4,42,0,34,18,,,,,,0.0,68,52,16,3,0,
107,Kyle Fuller ,CHI,28,CB,16,16,1,5,0,5,8,1,0,0,0,0,0.0,65,52,13,0,0,
108,Chauncey Gardner-Johnson,NOR,23,SS,15,13,1,3,0,3,13,,,,,,1.0,66,52,14,5,4,
109,Marshon Lattimore *,NOR,24,CB,14,14,2,13,0,13,11,,,,,,0.0,62,52,10,2,0,
110,Marcus Maye,NYJ,27,FS,16,16,2,0,0,0,11,2,0,1,0,0,2.0,88,52,36,4,2,
111,Patrick Peterson,ARI,30,CB,16,16,3,7,0,7,8,,,,,,0.0,61,52,9,0,0,
112,Buster Skrine,CHI,31,cb,12,3,0,0,0,0,3,1,0,0,0,0,0.0,66,52,14,1,0,
113,Jamel Dean,TAM,24,cb,14,7,1,32,1,32,7,,,,,,0.0,62,51,11,2,0,
114,DeShon Elliott,BAL,23,FS,16,16,0,0,0,0,4,2,0,0,0,0,2.5,80,51,29,3,5,
115,Isaiah Oliver,ATL,24,CB,16,12,0,0,0,0,6,1,0,0,0,0,1.0,70,51,19,4,2,
116,Andrew Sendejo,CLE,33,FS,14,14,0,0,0,0,2,1,0,0,0,0,0.0,67,51,16,0,0,
117,Blessuan Austin,NYJ,24,cb,11,10,0,0,0,0,4,1,0,0,0,0,0.0,63,50,13,3,1,
118,Ja'Whaun Bentley,NWE,24,ILB,13,13,0,0,0,0,2,,,,,,1.5,91,50,41,3,3,
119,Rasul Douglas,CAR,26,CB,14,11,0,0,0,0,9,,,,,,0.0,62,50,12,1,0,
120,Jason Verrett,SFO,29,CB,13,13,2,0,0,0,7,,,,,,0.0,60,50,10,2,0,
121,Kyzir White,LAC,24,olb,11,10,0,0,0,0,3,,,,,,0.5,77,50,27,4,3,
122,Krys Barnes,GNB,22,ilb,13,10,,,,,,1,0,0,0,0,1.0,80,49,31,5,1,
123,,,,,,,,,,,,,,,,,,,,,,,
124,Trevon Diggs,DAL,22,CB,12,11,3,43,0,33,14,1,0,0,0,0,1.0,58,49,9,1,0,
125,Malcolm Smith,CLE,31,olb,15,4,1,2,0,2,2,1,0,0,0,0,1.0,72,49,23,3,1,
126,Michael Davis ,LAC,25,CB,16,14,3,86,1,78,14,,,,,,0.0,64,48,16,2,0,
127,Tashaun Gipson,CHI,30,FS,16,16,2,10,0,9,7,0,0,1,0,0,0.0,66,48,18,0,0,
128,Micah Hyde,BUF,30,FS,15,15,1,33,0,33,5,0,1,0,0,0,0.0,70,48,22,1,0,
129,Tyrann Mathieu*+,KAN,28,SS,15,15,6,70,1,25,9,0,0,1,-2,0,0.0,62,48,14,3,2,
130,Donovan Wilson,DAL,25,ss,14,10,2,5,0,5,3,3,0,2,0,0,3.5,71,48,23,2,3,
131,Xavier Woods,DAL,25,FS,15,15,0,0,0,0,1,,,,,,0.0,72,48,24,2,1,
132,Ugo Amadi,SEA,23,fs,14,5,0,0,0,0,7,1,0,0,0,0,0.0,54,47,7,4,0,
133,Nevin Lawson,LVR,29,cb,14,9,0,0,0,0,4,2,0,1,0,0,1.0,61,47,14,1,1,
134,Julian Love,NYG,22,fs,16,6,1,13,0,13,3,,,,,,0.0,64,47,17,1,0,
135,Eric Murray,HOU,26,FS,14,14,0,0,0,0,2,1,0,0,0,0,2.0,71,47,24,2,4,
136,Vince Williams,PIT,31,ILB,14,14,,,,,,0,0,2,0,0,3.0,70,47,23,14,4,
137,Terrell Edmunds,PIT,23,SS,15,12,2,11,0,7,8,,,,,,1.0,68,46,22,1,1,
138,Karl Joseph,CLE,27,ss,14,8,1,49,0,49,4,0,1,2,0,0,0.0,67,46,21,2,0,
139,Christian Kirksey,GNB,28,OLB,11,11,2,18,0,10,4,,,,,,2.0,77,46,31,2,2,
140,Harold Landry,TEN,24,OLB,16,16,1,0,0,0,5,,,,,,5.5,69,46,23,10,16,
141,Marcus Peters ,BAL,27,CB,14,14,4,17,0,12,9,4,1,2,-3,0,1.0,52,46,6,1,1,
142,D.J. Reed,SEA,24,fs,10,8,2,21,0,20,7,0,1,2,0,0,0.0,62,46,16,2,0,
143,Kyle Van Noy,MIA,29,OLB,14,13,0,0,0,0,6,2,0,2,28,0,6.0,69,46,23,10,10,
144,Damien Wilson,KAN,27,OLB,13,13,0,0,0,0,1,1,0,0,0,0,0.0,73,46,27,3,0,
145,Jayon Brown,TEN,25,ilb,10,10,1,0,0,0,8,2,0,0,0,0,1.0,76,45,31,5,2,
146,Cole Holcomb,WAS,24,ilb,11,10,1,0,0,0,1,,,,,,2.5,72,45,27,6,4,
147,Kevin King ,GNB,25,CB,11,11,0,0,0,0,5,1,0,1,48,0,0.0,57,45,12,0,1,
148,Devin McCourty,NWE,33,FS,16,16,2,62,1,43,6,,,,,,0.0,68,45,23,2,0,
149,Amani Oruwariye,DET,24,CB,16,15,1,0,0,0,7,,,,,,0.0,53,45,8,1,0,
150,Jimmie Ward,SFO,29,FS,14,14,0,0,0,0,4,2,0,0,0,0,0.0,73,45,28,0,1,
151,Jarrod Wilson,JAX,26,SS,12,12,1,48,0,48,3,,,,,,0.0,69,45,24,2,0,
152,James Bradberry *,NYG,27,CB,15,15,3,19,0,19,18,2,0,1,0,0,0.0,54,44,10,0,0,
153,Joe Haden,PIT,31,CB,14,14,2,38,1,24,12,,,,,,0.0,52,44,8,2,0,
154,,,,,,,,,,,,,,,,,,,,,,,
155,Erik Harris,LVR,30,FS,14,12,0,0,0,0,5,1,0,0,0,0,0.0,61,44,17,1,1,
156,Anthony Hitchens,KAN,28,ILB,14,14,0,0,0,0,1,,,,,,0.0,78,44,34,2,4,
157,Janoris Jenkins ,NOR,32,CB,13,13,3,53,1,36,12,,,,,,0.0,55,44,11,2,0,
158,Micah Kiser,LAR,25,ilb,9,9,0,0,0,0,3,1,0,0,0,0,0.0,77,44,33,0,1,
159,Tre'Davious White *,BUF,25,CB,14,14,3,28,0,28,11,1,0,2,-1,0,1.5,57,44,13,2,3,
160,Shaquil Barrett,TAM,28,OLB,15,15,0,0,0,0,3,2,0,0,0,0,8.0,57,43,14,11,16,1
161,Ronald Darby,WAS,26,CB,16,16,0,0,0,0,16,0,0,1,0,0,0.0,55,43,12,1,0,
162,Kyle Dugger ,NWE,24,fs,14,7,,,,,,,,,,,0.0,64,43,21,1,0,
163,Rodney McLeod,PHI,30,FS,13,13,1,21,0,21,7,0,0,2,50,1,0.0,66,43,23,3,0,
164,Steven Nelson,PIT,27,CB,15,15,2,3,0,3,9,0,0,1,0,0,0.0,48,43,5,2,0,
165,Haason Reddick ,ARI,26,OLB,16,11,0,0,0,0,4,6,0,0,0,0,12.5,63,43,20,15,16,
166,Isaiah Simmons ,ARI,22,ilb,16,7,1,12,0,12,2,1,0,1,0,0,2.0,54,43,11,4,3,
167,T.J. Watt *+,PIT,26,OLB,15,15,1,0,0,0,7,2,0,0,0,0,15.0,53,43,10,23,41,
168,Quandre Diggs*,SEA,27,FS,16,16,5,57,0,32,10,,,,,,0.0,64,42,22,0,0,
169,Jordan Fuller,LAR,22,FS,12,12,3,45,0,37,5,,,,,,0.0,60,42,18,0,0,
170,Mike Hilton,PIT,26,cb,12,6,3,5,0,8,7,1,0,2,22,0,3.0,51,42,9,8,5,
171,Brandon Jones ,MIA,22,fs,16,4,0,0,0,0,1,1,0,0,0,0,1.0,62,41,21,3,1,
172,Jayron Kearse,DET,26,,11,7,0,0,0,0,2,1,0,0,0,0,0.0,59,41,18,0,1,
173,Jeff Okudah ,DET,21,cb,9,6,1,36,0,36,2,,,,,,0.0,47,41,6,4,0,
174,Sione Takitaki,CLE,25,OLB,15,12,1,50,1,50,1,,,,,,1.0,67,41,26,2,2,
175,Jaire Alexander*,GNB,23,CB,15,15,1,-4,0,-4,13,1,0,0,0,0,1.0,51,40,11,2,1,1
176,Xavien Howard*+,MIA,27,CB,16,16,10,77,0,29,20,1,0,0,0,0,0.0,51,40,11,1,0,
177,Desmond King,2TM,26,,15,8,0,0,0,0,2,0,0,1,63,1,2.0,55,40,15,2,2,
178,Jourdan Lewis,DAL,25,CB,15,13,0,0,0,0,2,0,0,1,0,0,2.0,59,40,19,7,1,
179,Byron Murphy,ARI,22,cb,15,7,0,0,0,0,8,0,0,2,3,0,2.0,51,40,11,3,2,
180,Grover Stewart,IND,27,NT,16,16,0,0,0,0,1,,,,,,0.5,53,40,13,6,5,
181,Kwon Alexander,2TM,26,,12,12,0,0,0,0,4,2,0,2,20,0,1.0,57,39,18,3,2,
182,Pierre Desir,2TM,30,,12,8,3,58,1,35,8,1,0,0,0,0,0.0,49,39,10,2,0,
183,Bobby McCain,MIA,27,FS,16,15,1,19,0,19,5,,,,,,0.0,46,39,7,0,2,
184,Robert Spillane,PIT,25,olb,12,7,1,33,1,33,4,0,0,1,0,0,2.0,45,39,6,4,3,
185,,,,,,,,,,,,,,,,,,,,,,,
186,Marcus Williams,NOR,24,FS,14,14,3,37,0,20,7,,,,,,0.0,59,39,20,0,0,
187,Kendall Fuller,WAS,25,CB,14,14,4,0,0,0,11,,,,,,0.0,50,38,12,1,0,
188,William Jackson III,CIN,28,CB,14,14,1,30,0,30,11,,,,,,0.0,45,38,7,1,0,
189,LeShaun Sims,CIN,27,cb,13,10,1,0,0,0,4,,,,,,0.0,52,38,14,0,0,
190,Charvarius Ward,KAN,24,CB,14,13,0,0,0,0,6,,,,,,1.0,51,38,13,1,3,
191,Denzel Ward ,CLE,23,CB,12,12,2,0,0,0,18,1,0,0,0,0,0.0,46,38,8,1,1,
192,DeForest Buckner +,IND,26,DT,15,14,0,0,0,0,3,2,0,1,0,0,9.5,58,37,21,10,26,1
193,T.J. Edwards,PHI,24,ILB,12,12,1,13,0,13,1,2,0,0,0,0,2.0,70,37,33,5,2,
194,Tre Flowers,SEA,25,cb,12,7,0,0,0,0,2,1,0,0,0,0,0.0,47,37,10,1,0,
195,Lawrence Guy,NWE,30,DT,14,14,,,,,,0,0,1,0,0,2.0,57,37,20,4,7,
196,Harvey Langi,NYJ,28,ilb,14,6,0,0,0,0,1,0,0,1,0,0,0.0,60,37,23,0,1,
197,Tarvarius Moore,SFO,24,fs,16,8,0,0,0,0,1,1,0,1,3,0,0.0,52,37,15,1,0,
198,Nickell Robey-Coleman ,PHI,28,cb,15,7,0,0,0,0,1,1,0,1,0,0,0.0,44,37,7,2,0,
199,Kendall Sheffield,ATL,24,cb,13,9,0,0,0,0,3,1,0,0,0,0,0.0,51,37,14,0,0,
200,Darious Williams,LAR,27,cb,16,10,4,21,0,19,14,,,,,,0.0,44,37,7,1,0,
201,Jonathan Allen ,WAS,25,DT,16,16,,,,,,0,0,1,0,0,2.0,63,36,27,3,14,1
202,Bryce Callahan,DEN,29,cb,10,10,2,0,0,0,5,0,0,1,0,0,0.0,42,36,6,1,0,
203,Cameron Dantzler,MIN,22,cb,11,10,2,0,0,0,4,1,0,1,0,0,0.0,46,36,10,3,0,
204,Casey Hayward,LAC,31,CB,14,13,1,9,0,9,8,,,,,,0.0,41,36,5,0,0,
205,Avonte Maddox,PHI,24,cb,10,8,0,0,0,0,3,,,,,,0.0,40,36,4,1,0,
206,Nik Needham,MIA,24,cb,16,6,2,1,0,1,7,,,,,,1.0,58,36,22,1,1,
207,Kevin Pierre-Louis,WAS,29,OLB,13,11,0,0,0,0,2,1,0,0,0,0,1.0,56,36,20,3,2,
208,Jalen Ramsey*+,LAR,26,CB,15,15,1,2,0,2,9,,,,,,0.0,44,36,8,2,1,
209,J.J. Watt,HOU,31,DE,16,16,1,19,1,19,7,2,0,1,0,0,5.0,52,36,16,14,17,
210,Rock Ya-Sin,IND,24,cb,13,8,1,0,0,0,7,1,0,0,0,0,0.0,45,36,9,0,0,
211,Julian Blackmon,IND,22,FS,15,14,2,19,0,15,6,1,0,0,0,0,0.0,42,35,7,3,0,
212,Jordyn Brooks ,SEA,23,olb,14,6,0,0,0,0,2,,,,,,0.0,57,35,22,2,0,
213,Brian Burns,CAR,22,DE,15,14,0,0,0,0,4,3,0,0,0,0,9.0,58,35,23,8,21,
214,Marcus Epps,PHI,24,ss,14,5,2,0,0,0,4,,,,,,0.0,47,35,12,0,0,
215,Brandon Graham*,PHI,32,DE,16,16,,,,,,2,0,1,0,0,8.0,46,35,11,13,16,
216,,,,,,,,,,,,,,,,,,,,,,,
217,Amani Hooker,TEN,22,fs,16,3,4,11,0,6,8,,,,,,0.0,51,35,16,1,0,
218,Sebastian Joseph,LAR,25,NT,16,16,0,0,0,0,3,1,0,0,0,0,1.0,55,35,20,1,4,
219,Matt Milano,BUF,26,olb,10,5,1,0,0,0,3,,,,,,3.5,45,35,10,4,9,
220,Xavier Rhodes,IND,30,CB,16,16,2,44,1,44,12,,,,,,0.0,42,35,7,0,0,
221,Sheldon Richardson ,CLE,30,DT,16,16,0,0,0,0,3,1,0,0,0,0,4.5,64,35,29,5,10,
222,Za'Darius Smith*,GNB,28,OLB,16,16,0,0,0,0,2,4,0,2,0,0,12.5,52,35,17,12,23,
223,Andrew Wingard,JAX,24,fs,13,4,2,31,0,19,5,0,0,1,17,0,0.0,50,35,15,3,0,
224,Chris Banjo,ARI,30,fs,13,4,0,0,0,0,1,,,,,,0.0,48,34,14,1,1,
225,Juston Burris,CAR,27,SS,13,12,1,0,0,0,4,,,,,,0.0,53,34,19,3,1,
226,Tae Crowder ,NYG,23,ilb,11,6,0,0,0,0,1,0,0,1,43,1,1.0,57,34,23,3,3,
227,J.C. Jackson,NWE,25,CB,16,11,9,80,0,30,14,0,0,3,0,0,0.0,40,34,6,1,0,
228,Jaylon Johnson ,CHI,21,CB,13,13,0,0,0,0,15,,,,,,0.0,44,34,10,1,0,
229,Cameron Jordan*,NOR,31,DE,16,16,0,0,0,0,3,1,0,0,0,0,7.5,51,34,17,11,16,
230,DeMarcus Lawrence,DAL,28,DE,16,15,0,0,0,0,2,4,0,1,0,0,6.5,58,34,24,11,10,
231,Emmanuel Moseley,SFO,24,cb,12,8,1,51,0,51,9,,,,,,0.0,47,34,13,0,0,
232,Jason Pierre-Paul*,TAM,31,DE,16,16,2,15,0,15,6,4,0,2,6,0,9.5,55,34,21,7,14,
233,Brian Poole,NYJ,28,cb,9,7,2,15,0,13,7,,,,,,1.0,44,34,10,2,2,
234,Malik Reed,DEN,24,OLB,16,13,0,0,0,0,1,1,0,0,0,0,8.0,53,34,19,8,17,
235,Darryl Roberts,DET,30,cb,11,5,1,6,0,6,6,,,,,,0.0,39,34,5,1,0,
236,John Simon,NWE,30,DE,16,16,0,0,0,0,3,,,,,,2.0,53,34,19,4,4,
237,Levi Wallace,BUF,25,CB,12,12,2,0,0,0,8,,,,,,0.0,48,34,14,1,1,
238,Chris Claybrooks ,JAX,23,cb,13,4,0,0,0,0,3,0,1,0,0,0,0.0,39,33,6,1,0,
239,Keion Crossen,HOU,24,cb,16,4,0,0,0,0,5,,,,,,0.0,46,33,13,0,0,
240,Myles Garrett *+,CLE,25,DE,14,14,0,0,0,0,2,4,0,2,0,0,12.0,48,33,15,10,18,
241,Bryce Hall,NYJ,23,db,8,7,1,20,0,20,3,,,,,,0.0,36,33,3,1,0,
242,Terez Hall,NWE,24,olb,8,4,0,0,0,0,2,,,,,,0.0,50,33,17,0,0,
243,Sam Hubbard,CIN,25,DE,13,13,0,0,0,0,3,1,0,0,0,0,2.0,62,33,29,5,11,
244,Linval Joseph,LAC,32,NT,16,16,,,,,,,,,,,0.0,62,33,29,3,2,
245,Jimmy Moreland,WAS,25,cb,16,5,1,32,0,32,1,1,0,0,0,0,0.5,44,33,11,1,2,
246,Ryan Neal,SEA,25,cb,13,4,2,1,0,1,5,,,,,,0.0,44,33,11,3,0,1
247,,,,,,,,,,,,,,,,,,,,,,,
248,Elandon Roberts,MIA,26,ILB,13,11,,,,,,1,0,1,0,0,1.5,61,33,28,8,4,
249,Bradley Roby,HOU,28,cb,10,10,1,0,0,0,7,0,0,1,0,0,0.0,37,33,4,2,0,
250,Juan Thornhill,KAN,25,fs,16,8,1,20,0,20,3,,,,,,0.0,41,33,8,0,1,
251,Stephon Tuitt,PIT,27,DE,15,15,0,0,0,0,3,2,0,0,0,0,11.0,45,33,12,10,25,
252,Chase Winovich,NWE,25,de,16,9,1,0,0,0,2,1,0,0,0,0,5.5,48,33,15,6,12,
253,Mackensie Alexander,CIN,27,cb,13,10,1,21,0,21,6,,,,,,0.0,47,32,15,1,0,
254,Anthony Brown,DAL,27,cb,10,8,2,14,0,14,3,0,0,1,29,1,1.0,39,32,7,1,1,
255,L.J. Fort,BAL,30,olb,14,8,0,0,0,0,2,1,0,2,24,1,0.0,53,32,21,2,1,
256,Nathan Gerry,PHI,25,olb,7,7,0,0,0,0,2,,,,,,1.0,57,32,25,4,2,
257,Christian Jones,DET,29,OLB,16,13,0,0,0,0,1,,,,,,0.0,57,32,25,2,1,
258,Matt Judon*,BAL,28,OLB,14,13,0,0,0,0,2,,,,,,6.0,50,32,18,9,21,1
259,Romeo Okwara,DET,25,de,16,9,0,0,0,0,1,3,0,1,0,0,10.0,44,32,12,11,18,1
260,Taylor Rapp,LAR,23,ss,9,5,1,0,0,0,3,1,0,0,0,0,0.0,44,32,12,1,0,
261,Chandon Sullivan,GNB,24,cb,16,10,1,7,1,7,6,,,,,,0.0,41,32,9,0,0,
262,Jahlani Tavai,DET,24,mlb,16,10,,,,,,2,0,1,0,0,0.0,58,32,26,2,1,
263,Leighton Vander Esch,DAL,24,olb,10,10,,,,,,1,0,0,0,0,1.0,60,32,28,1,1,
264,Quinnen Williams,NYJ,23,NT,13,13,0,0,0,0,3,2,0,0,0,0,7.0,55,32,23,10,14,
265,Chase Young *,WAS,21,DE,15,15,0,0,0,0,4,4,0,3,57,1,7.5,44,32,12,10,12,
266,Leonard Floyd ,LAR,28,OLB,16,16,0,0,0,0,1,1,0,2,0,0,10.5,55,31,24,11,19,
267,Aldon Smith,DAL,31,DE,16,16,0,0,0,0,2,0,0,2,78,1,5.0,48,31,17,5,14,
268,L'Jarius Sneed,KAN,23,cb,9,6,3,42,0,39,7,,,,,,2.0,41,31,10,2,3,
269,Mykal Walker ,ATL,23,olb,16,6,0,0,0,0,1,1,0,0,0,0,0.0,45,31,14,1,2,
270,P.J. Williams,NOR,27,fs,15,3,1,30,0,30,2,0,0,2,0,0,0.0,40,31,9,0,0,
271,Kenny Young,LAR,26,ilb,16,6,1,79,1,79,2,0,0,1,0,0,1.0,52,31,21,3,2,
272,Bashaud Breeland,KAN,28,CB,11,11,2,29,0,29,9,1,0,1,0,0,0.0,38,30,8,1,0,
273,Stephon Gilmore*,NWE,30,CB,11,11,1,15,0,15,3,1,0,0,0,0,0.0,37,30,7,1,0,
274,Cameron Heyward*,PIT,31,DT,15,15,1,0,0,0,3,,,,,,4.0,54,30,24,7,19,
275,Akiem Hicks,CHI,31,DT,15,15,0,0,0,0,1,0,0,1,4,0,3.5,49,30,19,7,21,
276,Alex Highsmith ,PIT,23,olb,16,5,1,2,0,2,1,,,,,,2.0,48,30,18,5,6,
277,Kerry Hyder,SFO,29,DE,16,14,,,,,,0,0,1,14,0,8.5,49,30,19,10,18,
278,,,,,,,,,,,,,,,,,,,,,,,
279,Dexter Lawrence,NYG,23,DE,16,15,0,0,0,0,2,,,,,,4.0,53,30,23,6,10,
280,David Long ,TEN,24,ilb,14,5,0,0,0,0,2,1,0,0,0,0,0.0,54,30,24,2,0,
281,Jason McCourty,NWE,33,CB,16,11,0,0,0,0,3,,,,,,0.0,42,30,12,0,0,
282,Darius Phillips,CIN,25,cb,12,8,1,21,0,21,12,2,0,0,0,0,0.0,38,30,8,2,2,
283,Reggie Ragland,DET,27,mlb,16,6,0,0,0,0,1,1,0,0,0,0,1.0,52,30,22,4,3,
284,Duke Riley,PHI,26,olb,13,8,1,7,0,7,1,1,0,0,0,0,0.5,55,30,25,2,1,
285,Zach Sieler,MIA,25,de,16,8,,,,,,,,,,,3.5,48,30,18,11,11,
286,Joe Thomas,DAL,29,ilb,15,4,0,0,0,0,2,,,,,,0.0,48,30,18,3,2,
287,Darian Thompson,DAL,27,fs,15,7,1,3,0,3,1,1,0,0,0,0,0.0,43,30,13,0,1,
288,Arik Armstead,SFO,27,DE,16,16,0,0,0,0,3,,,,,,3.5,49,29,20,6,13,
289,Chidobe Awuzie,DAL,25,cb,8,6,1,0,0,0,5,0,0,1,0,0,0.0,38,29,9,0,0,
290,Joey Bosa*,LAC,25,de,12,10,0,0,0,0,1,0,0,1,0,0,7.5,39,29,10,15,27,
291,Willie Gay Jr.,KAN,22,olb,16,8,0,0,0,0,3,1,0,0,0,0,1.0,39,29,10,3,1,
292,DaQuan Jones,TEN,29,NT,16,16,,,,,,1,0,0,0,0,2.0,49,29,20,4,6,
293,Khalil Mack*,CHI,29,OLB,16,16,1,33,0,33,3,3,0,2,0,0,9.0,50,29,21,11,13,1
294,Ben Niemann,KAN,25,ilb,15,5,,,,,,1,0,2,0,0,1.0,44,29,15,3,3,
295,Preston Smith,GNB,28,OLB,16,13,0,0,0,0,3,0,0,1,14,1,4.0,42,29,13,7,11,
296,Tavierre Thomas,CLE,24,cb,16,3,,,,,,1,0,1,0,0,1.0,30,29,1,2,1,
297,Andrew Van Ginkel,MIA,25,OLB,16,11,0,0,0,0,4,3,0,1,78,1,5.5,48,29,19,7,10,
298,Nick Vigil,LAC,27,olb,15,2,0,0,0,0,1,1,0,2,44,0,2.0,50,29,21,3,0,
299,Leonard Williams,NYG,26,DT,16,12,0,0,0,0,1,0,0,1,0,0,11.5,57,29,28,14,30,
300,Isaac Yiadom,NYG,24,cb,16,10,0,0,0,0,5,1,0,0,0,0,0.5,46,29,17,0,1,
301,Kenny Clark,GNB,25,NT,13,13,,,,,,,,,,,2.0,42,28,14,3,6,
302,Fletcher Cox*,PHI,30,DT,15,15,0,0,0,0,1,1,0,0,0,0,6.5,41,28,13,9,9,
303,Darqueze Dennard ,ATL,29,cb,8,6,1,0,0,0,5,,,,,,0.0,36,28,8,2,0,
304,Quinton Dunbar,SEA,28,cb,6,6,1,0,0,0,5,,,,,,0.0,30,28,2,2,0,
305,Corn Elder,CAR,26,cb,16,1,0,0,0,0,3,1,0,0,0,0,0.0,40,28,12,1,0,
306,Raven Greene,GNB,25,,10,0,1,17,0,17,5,1,0,0,0,0,1.5,44,28,16,1,3,
307,Jeff Heath,LVR,29,ss,13,5,3,89,0,47,4,,,,,,0.0,37,28,9,1,1,
308,Byron Jones,MIA,28,CB,14,14,2,15,0,15,4,1,1,0,0,0,0.0,37,28,9,0,0,
309,,,,,,,,,,,,,,,,,,,,,,,
310,Johnathan Joseph,2TM,36,,11,6,1,5,0,5,6,1,0,0,0,0,0.0,32,28,4,2,0,
311,Montez Sweat,WAS,24,DE,16,16,1,15,1,15,6,2,0,0,0,0,9.0,45,28,17,12,20,
312,Christian Wilkins,MIA,25,DE,14,12,1,8,0,8,5,0,0,1,0,0,1.5,47,28,19,4,3,
313,Aaron Donald*+,LAR,29,DT,16,16,0,0,0,0,1,4,0,1,0,0,13.5,45,27,18,14,28,
314,Rashad Fenton,KAN,23,cb,16,3,1,31,0,31,7,,,,,,0.0,35,27,8,1,0,
315,Johnathan Hankins,LVR,28,DT,16,16,,,,,,0,0,1,0,0,1.0,48,27,21,1,4,
316,Marcell Harris,SFO,26,ss,16,4,0,0,0,0,3,2,0,2,0,0,0.0,37,27,10,0,0,
317,C.J. Henderson ,JAX,22,cb,8,8,1,22,0,22,6,1,0,0,0,0,0.0,36,27,9,0,0,
318,Grady Jarrett*,ATL,27,DT,16,16,,,,,,0,0,1,3,0,4.0,52,27,25,8,21,
319,Will Parks,2TM,26,,10,3,,,,,,,,,,,1.0,31,27,4,3,1,
320,Daron Payne ,WAS,23,DT,16,16,1,0,0,0,4,3,0,1,0,0,3.0,54,27,27,7,8,
321,Troy Pride Jr.,CAR,22,cb,14,8,0,0,0,0,2,,,,,,0.0,42,27,15,1,0,
322,Ndamukong Suh,TAM,33,DE,16,16,0,0,0,0,2,1,0,0,0,0,6.0,44,27,17,9,19,
323,Ty Summers,GNB,25,ilb,16,1,0,0,0,0,1,,,,,,0.0,39,27,12,0,0,
324,Cameron Sutton,PIT,25,cb,16,6,1,0,0,0,8,3,0,1,0,0,1.0,30,27,3,1,0,
325,Tahir Whitehead,CAR,30,mlb,14,9,1,0,0,0,1,0,0,1,10,0,0.0,51,27,24,0,1,
326,Deatrich Wise Jr.,NWE,26,de,16,7,,,,,,0,0,1,0,1,2.5,49,27,22,2,11,
327,Bradley Chubb*,DEN,24,DE,14,14,,,,,,1,0,0,0,0,7.5,42,26,16,9,19,
328,Will Harris,DET,25,ss,16,5,0,0,0,0,1,,,,,,0.0,35,26,9,0,0,
329,Malik Harrison,BAL,22,olb,16,6,0,0,0,0,1,,,,,,0.0,44,26,18,1,0,
330,Lamar Jackson,NYJ,22,db,13,6,0,0,0,0,2,,,,,,0.0,28,26,2,1,0,
331,Dre'Mont Jones,DEN,23,dt,13,8,0,0,0,0,2,,,,,,6.5,41,26,15,7,11,
332,Pernell McPhee,BAL,32,OLB,15,13,0,0,0,0,1,,,,,,3.0,34,26,8,3,15,
333,Troy Apke,WAS,25,fs,16,7,0,0,0,0,2,,,,,,0.0,35,25,10,0,0,
334,T.J. Carrie ,IND,30,cb,15,2,2,47,1,47,8,0,1,1,25,0,0.0,32,25,7,1,0,
335,Ashtyn Davis ,NYJ,24,ss,10,6,0,0,0,0,1,0,0,1,0,0,0.0,36,25,11,1,0,
336,Jarrad Davis,DET,26,mlb,14,4,,,,,,2,0,0,0,0,0.5,46,25,21,1,4,
337,Devante Downs,NYG,25,ilb,16,8,0,0,0,0,1,0,0,1,0,0,0.0,33,25,8,0,1,
338,Poona Ford,SEA,25,NT,16,16,,,,,,1,0,0,0,0,2.0,40,25,15,8,9,
339,Chris Harris Jr.,LAC,31,cb,9,9,1,51,0,51,2,,,,,,0.5,37,25,12,1,1,
340,,,,,,,,,,,,,,,,,,,,,,,
341,Emmanuel Ogbah,MIA,27,DE,16,12,0,0,0,0,5,3,0,1,0,0,9.0,42,25,17,6,21,
342,Denzel Perryman ,LAC,28,ilb,13,6,0,0,0,0,1,1,0,0,0,0,1.0,48,25,23,3,2,
343,Dalvin Tomlinson,NYG,26,NT,16,16,0,0,0,0,4,,,,,,3.5,49,25,24,8,10,
344,Jeremiah Attaochu,DEN,27,olb,13,5,,,,,,1,0,0,0,0,5.0,31,24,7,6,9,
345,Cody Barton,SEA,24,mlb,16,2,,,,,,2,0,0,0,0,0.0,35,24,11,0,0,
346,Kris Boyd,MIN,24,cb,10,5,0,0,0,0,2,1,0,0,0,0,0.0,34,24,10,1,0,
347,Landon Collins,WAS,26,ss,7,7,1,1,0,1,1,1,0,0,0,0,2.0,41,24,17,3,1,
348,William Gholston,TAM,29,DE,16,12,0,0,0,0,2,0,0,1,1,0,3.0,44,24,20,8,20,
349,Ronnie Harrison,CLE,23,ss,11,7,1,47,1,47,7,0,0,1,0,0,1.0,38,24,14,0,1,
350,Jeffery Simmons,TEN,23,DT,15,15,0,0,0,0,5,1,0,3,0,0,3.0,49,24,25,3,14,
351,Josh Sweat,PHI,23,de,14,3,0,0,0,0,2,3,0,0,0,0,6.0,38,24,14,9,12,
352,Jacob Tuioti-Mariner,ATL,24,,16,0,0,0,0,0,2,1,0,3,1,0,1.0,31,24,7,1,5,
353,Olivier Vernon,CLE,30,DE,14,13,0,0,0,0,3,1,0,1,0,0,9.0,36,24,12,12,16,1
354,Mack Wilson,CLE,22,olb,13,8,0,0,0,0,2,,,,,,0.0,39,24,15,1,0,
355,Bud Dupree,PIT,27,OLB,11,11,0,0,0,0,2,2,0,0,0,0,8.0,31,23,8,8,15,
356,Deshazor Everett,WAS,28,ss,11,6,0,0,0,0,4,1,0,0,0,0,0.0,31,23,8,0,0,
357,Kyler Fackrell,NYG,29,olb,12,9,1,46,1,46,2,1,0,0,0,0,4.0,34,23,11,7,10,
358,Darnay Holmes,NYG,22,cb,12,5,1,0,0,0,5,0,0,1,0,0,0.5,30,23,7,0,2,
359,Chris Jones*,KAN,26,DT,15,14,0,0,0,0,4,2,0,0,0,0,7.5,36,23,13,3,28,1
360,Arthur Maulet,NYJ,27,cb,11,5,1,20,0,20,5,,,,,,1.0,29,23,6,0,1,
361,Bradley McDougald,NYJ,30,ss,7,7,0,0,0,0,3,0,0,1,-2,0,0.0,36,23,13,0,0,
362,Barkevious Mingo,CHI,30,olb,16,3,0,0,0,0,2,,,,,,2.5,35,23,12,3,5,
363,Yannick Ngakoue,2TM,25,,15,8,0,0,0,0,1,4,0,0,0,0,8.0,23,23,0,7,11,
364,Derrick Nnadi,KAN,24,NT,15,15,,,,,,,,,,,0.0,47,23,24,0,1,
365,Larry Ogunjobi,CLE,26,DT,15,15,,,,,,1,0,0,0,0,2.5,46,23,23,5,6,
366,Ed Oliver,BUF,23,DT,16,16,0,0,0,0,3,1,0,0,0,0,3.0,33,23,10,6,6,
367,Jimmy Smith,BAL,32,cb,11,5,0,0,0,0,1,0,0,1,4,0,1.0,27,23,4,2,1,
368,Logan Wilson ,CIN,24,ilb,12,2,2,0,0,0,3,,,,,,1.0,33,23,10,4,2,
369,Tavon Wilson,IND,30,ss,15,2,0,0,0,0,1,0,0,1,0,0,0.0,26,23,3,2,0,
370,Azeez Al-Shaair,SFO,23,mlb,16,5,1,0,0,0,2,1,0,0,0,0,0.0,35,22,13,1,1,
371,,,,,,,,,,,,,,,,,,,,,,,
372,Alex Anzalone,NOR,26,ilb,16,9,,,,,,,,,,,0.0,41,22,19,3,0,
373,Anthony Averett,BAL,26,cb,10,4,0,0,0,0,7,,,,,,0.0,27,22,5,0,0,
374,Breon Borders,TEN,25,cb,6,5,1,0,0,0,5,,,,,,0.0,27,22,5,1,0,
375,Justin Coleman,DET,27,cb,11,5,0,0,0,0,1,,,,,,0.0,30,22,8,3,0,
376,Folorunso Fatukasi,NYJ,25,dt,15,8,0,0,0,0,2,1,0,1,2,0,2.0,42,22,20,6,5,
377,Trey Hendrickson,NOR,26,DE,15,15,0,0,0,0,1,1,0,0,0,0,13.5,25,22,3,12,25,
378,Donte Jackson,CAR,25,CB,14,13,3,110,0,66,11,,,,,,0.0,34,22,12,1,0,
379,Jaleel Johnson,MIN,26,DT,16,16,,,,,,,,,,,1.5,44,22,22,3,2,
380,Kevin Johnson,CLE,28,cb,13,6,0,0,0,0,3,1,0,1,0,0,0.5,35,22,13,0,3,
381,Mario Addison,BUF,33,de,15,7,0,0,0,0,4,,,,,,5.0,30,21,9,7,8,
382,Dorance Armstrong Jr.,DAL,23,de,16,2,0,0,0,0,2,1,0,2,0,0,0.0,33,21,12,1,1,
383,Damon Arnette ,LVR,24,cb,9,7,0,0,0,0,2,,,,,,0.0,25,21,4,1,0,
384,Derek Barnett ,PHI,24,de,13,10,,,,,,,,,,,5.5,34,21,13,6,16,
385,Essang Bassey,DEN,22,cb,12,3,1,26,0,26,2,0,0,1,0,0,0.0,23,21,2,3,0,
386,De'Vante Bausby,2TM,27,,11,3,0,0,0,0,5,,,,,,0.0,21,21,0,0,0,
387,A.J. Bouye,DEN,29,cb,7,7,0,0,0,0,6,,,,,,0.0,23,21,2,0,0,
388,Michael Brockers ,LAR,30,DE,15,15,,,,,,,,,,,5.0,51,21,30,5,10,
389,Derrick Brown ,CAR,22,DT,16,15,0,0,0,0,4,,,,,,2.0,34,21,13,8,12,
390,Jermaine Carter Jr.,CAR,25,olb,16,7,0,0,0,0,1,0,0,1,19,0,0.0,46,21,25,2,0,
391,Frank Clark *,KAN,27,DE,15,15,0,0,0,0,2,0,0,1,14,0,6.0,29,21,8,8,15,
392,Jaylon Ferguson,BAL,25,olb,14,1,0,0,0,0,1,0,0,1,0,0,2.0,30,21,9,7,5,
393,Morgan Fox,LAR,26,de,16,2,0,0,0,0,2,1,0,1,0,0,6.0,27,21,6,8,9,
394,Kamu Grugier-Hill,MIA,26,ilb,15,1,,,,,,0,0,1,0,0,1.0,28,21,7,1,2,
395,Josh Jackson,GNB,24,cb,12,5,0,0,0,0,2,,,,,,0.0,26,21,5,1,0,
396,Sidney Jones,JAX,24,cb,9,6,2,1,0,1,9,1,0,0,0,0,0.0,26,21,5,0,0,
397,Steven Means,ATL,30,DE,16,11,,,,,,2,0,0,0,0,3.0,38,21,17,3,6,
398,A.J. Moore,HOU,25,fs,11,5,0,0,0,0,1,1,0,0,0,0,1.0,35,21,14,1,2,
399,Josh Norman,BUF,33,cb,9,3,1,16,1,16,4,1,0,2,7,0,0.0,24,21,3,2,0,
400,Will Redmond,GNB,27,ss,13,1,0,0,0,0,1,,,,,,0.0,28,21,7,0,2,
401,Dawuane Smoot,JAX,25,de,16,7,,,,,,2,0,0,0,0,5.5,25,21,4,5,17,
402,,,,,,,,,,,,,,,,,,,,,,,
403,Zach Allen,ARI,23,dt,13,7,0,0,0,0,3,,,,,,2.0,35,20,15,5,6,
404,Denico Autry,IND,30,DE,14,13,,,,,,,,,,,7.5,33,20,13,9,10,
405,Chris Board,BAL,25,olb,16,2,0,0,0,0,1,1,0,0,0,0,2.5,31,20,11,2,5,
406,Jack Crawford ,TEN,32,dt,16,9,,,,,,1,0,0,0,0,2.0,28,20,8,3,10,
407,Maxx Crosby ,LVR,23,DE,16,16,0,0,0,0,1,0,0,1,0,0,7.0,39,20,19,14,13,
408,Akeem Davis-Gaither,CIN,23,olb,16,2,1,0,0,0,3,,,,,,0.5,31,20,11,0,2,
409,Carlos Dunlap,2TM,31,,15,10,0,0,0,0,4,,,,,,6.0,32,20,12,8,18,
410,Shelby Harris,DEN,29,DE,11,11,0,0,0,0,7,1,0,0,0,0,2.5,32,20,12,4,11,
411,Tanoh Kpassagnon,KAN,26,DE,16,15,0,0,0,0,3,,,,,,1.0,28,20,8,2,4,
412,Greg Mabin,JAX,26,cb,5,4,0,0,0,0,3,,,,,,0.0,21,20,1,0,0,
413,Uchenna Nwosu,LAC,24,de,13,4,0,0,0,0,2,,,,,,4.5,33,20,13,5,11,
414,David Onyemata,NOR,28,DT,15,15,1,3,0,3,2,,,,,,6.5,44,20,24,10,16,
415,Jarran Reed,SEA,28,DT,16,16,0,0,0,0,1,1,0,0,0,0,6.5,38,20,18,5,14,
416,Shamar Stephen,MIN,29,NT,16,16,,,,,,,,,,,0.5,34,20,14,2,3,
417,Jaquiski Tartt,SFO,28,ss,7,7,1,16,0,16,4,,,,,,0.0,30,20,10,1,0,
418,Jamar Taylor,SFO,30,cb,8,3,2,8,0,8,3,,,,,,1.0,22,20,2,2,2,
419,DeShawn Williams,DEN,28,DT,14,11,1,1,0,1,3,,,,,,2.0,37,20,17,4,6,
420,Marcus Allen,PIT,24,fs,14,2,,,,,,,,,,,0.0,30,19,11,2,2,
421,Henry Anderson,NYJ,29,de,16,8,,,,,,,,,,,0.5,42,19,23,4,3,
422,Tarell Basham,NYJ,26,olb,16,9,0,0,0,0,1,3,0,0,0,0,3.5,36,19,17,5,13,
423,Raekwon Davis ,MIA,23,NT,16,12,,,,,,,,,,,0.0,40,19,21,1,1,
424,Rashan Gary,GNB,23,olb,15,4,0,0,0,0,1,0,0,1,1,0,5.0,35,19,16,5,11,
425,Holton Hill,MIN,23,,4,2,0,0,0,0,3,,,,,,1.0,24,19,5,0,0,
426,Justin Houston,IND,31,DE,16,16,,,,,,1,0,2,0,0,8.0,25,19,6,8,12,2
427,Jerry Hughes,BUF,32,DE,15,15,1,-3,0,-3,3,2,0,2,21,1,4.5,29,19,10,4,11,
428,Justin Jones,LAC,24,DT,13,12,,,,,,,,,,,1.0,34,19,15,5,4,
429,Cre'von LeBlanc,PHI,26,cb,9,1,0,0,0,0,2,1,0,1,6,0,1.0,22,19,3,1,1,
430,Tyquan Lewis,IND,25,de,16,4,0,0,0,0,2,,,,,,4.0,24,19,5,8,6,
431,Benson Mayowa ,SEA,29,de,13,9,0,0,0,0,3,2,0,1,13,0,6.0,24,19,5,7,9,
432,Benardrick McKinney,HOU,28,ilb,4,4,0,0,0,0,1,,,,,,0.0,37,19,18,1,0,
433,,,,,,,,,,,,,,,,,,,,,,,
434,Al-Quadin Muhammad,IND,25,,16,0,,,,,,1,0,0,0,0,2.0,23,19,4,2,6,
435,Sharrod Neasman,ATL,29,cb,16,2,,,,,,0,1,0,0,0,1.0,27,19,8,2,1,
436,John Penisini ,DET,23,DT,16,12,,,,,,0,0,1,0,0,1.0,35,19,16,4,0,
437,Sheldrick Redwine,CLE,24,fs,15,3,1,8,0,8,1,,,,,,0.5,27,19,8,0,1,
438,Jerry Tillery,LAC,24,DT,16,11,0,0,0,0,2,2,0,1,0,0,3.0,30,19,11,3,14,
439,Brandon Williams,BAL,31,NT,13,13,0,0,0,0,2,,,,,,0.0,33,19,14,2,1,
440,Derek Wolfe,BAL,30,de,14,8,0,0,0,0,2,0,0,1,0,0,1.0,51,19,32,6,4,
441,Ricardo Allen,ATL,29,CB,12,12,2,29,0,19,5,,,,,,0.0,25,18,7,1,0,
442,Adam Butler,NWE,26,dt,15,4,0,0,0,0,2,,,,,,4.0,34,18,16,6,7,
443,Calais Campbell*,BAL,34,DT,12,12,0,0,0,0,6,,,,,,4.0,28,18,10,5,10,
444,Samson Ebukam,LAR,25,OLB,16,14,0,0,0,0,1,1,0,0,0,0,4.5,31,18,13,3,7,
445,Clelin Ferrell,LVR,23,DE,11,11,0,0,0,0,3,2,0,0,0,0,2.0,27,18,9,3,10,
446,Phillip Gaines,HOU,29,cb,12,2,0,0,0,0,1,,,,,,0.0,24,18,6,0,0,
447,Adam Gotsis,JAX,28,DE,16,14,0,0,0,0,3,1,0,0,0,0,0.0,37,18,19,4,3,
448,Everson Griffen,2TM,33,,14,2,0,0,0,0,4,,,,,,6.0,33,18,15,7,14,
449,P.J. Hall,HOU,25,dt,10,9,,,,,,,,,,,1.0,34,18,16,2,2,
450,Justin Hollins,LAR,24,,16,0,0,0,0,0,1,1,0,0,0,0,3.0,28,18,10,3,5,
451,Chris Jones,2TM,25,,9,3,,,,,,,,,,,0.0,19,18,1,0,0,
452,Carl Lawson,CIN,25,DE,16,11,,,,,,2,0,0,0,0,5.5,36,18,18,4,32,
453,David Mayo ,NYG,27,ilb,11,2,,,,,,1,0,0,0,0,0.0,29,18,11,2,0,
454,Brennan Scarlett,HOU,27,olb,11,4,,,,,,,,,,,0.0,28,18,10,0,1,
455,M.J. Stewart,CLE,25,,16,0,2,51,0,30,3,,,,,,1.0,22,18,4,2,1,
456,Deionte Thompson,ARI,23,ss,13,4,0,0,0,0,3,,,,,,0.0,27,18,9,0,1,
457,Tanner Vallejo,ARI,26,,16,0,,,,,,,,,,,1.0,26,18,8,0,2,
458,Tyson Alualu,PIT,33,de,15,10,0,0,0,0,5,1,0,0,0,0,2.0,38,17,21,4,5,
459,Corey Ballentine,2TM,24,,15,2,,,,,,,,,,,0.0,20,17,3,0,0,
460,Tyus Bowser,BAL,25,olb,16,2,3,53,0,25,5,,,,,,2.0,34,17,17,4,14,
461,Markus Golden,2TM,29,,16,9,1,1,0,1,3,1,0,1,30,0,4.5,33,17,16,6,20,
462,Dontae Johnson,SFO,29,cb,14,3,0,0,0,0,3,,,,,,1.0,23,17,6,1,2,
463,Damontae Kazee,ATL,27,ss,4,4,,,,,,1,0,0,0,0,0.0,20,17,3,0,0,
464,,,,,,,,,,,,,,,,,,,,,,,
465,Shaq Lawson,MIA,26,olb,14,7,0,0,0,0,1,1,0,1,36,1,4.0,32,17,15,4,18,
466,Frankie Luvu,NYJ,24,olb,13,3,0,0,0,0,1,1,0,0,0,0,2.0,25,17,8,3,3,1
467,Kamal Martin,GNB,22,lb,10,6,,,,,,,,,,,1.0,24,17,7,3,1,
468,Raekwon McMillan,LVR,25,ilb,16,4,0,0,0,0,1,1,0,0,0,0,0.0,27,17,10,1,0,
469,Carl Nassib,LVR,27,de,14,5,1,23,0,23,5,,,,,,2.5,28,17,11,5,9,
470,Isaac Rochell,LAC,25,de,16,6,0,0,0,0,1,,,,,,2.5,29,17,12,1,3,1
471,Shy Tuttle,NOR,25,dt,13,3,0,0,0,0,2,,,,,,0.0,28,17,11,2,1,
472,Brent Urban ,CHI,29,dt,16,8,0,0,0,0,1,,,,,,2.5,36,17,19,2,4,
473,Carlos Watkins,HOU,27,DE,16,11,0,0,0,0,3,0,0,1,0,0,2.0,27,17,10,4,2,
474,K'Waun Williams,SFO,29,cb,8,4,0,0,0,0,4,1,0,0,0,0,2.0,22,17,5,5,2,
475,Ahkello Witherspoon,SFO,25,cb,11,4,1,0,0,0,4,,,,,,0.0,20,17,3,1,0,
476,Daryl Worley,3TM,25,,10,5,0,0,0,0,3,,,,,,0.0,22,17,5,0,0,
477,Terrence Brooks,NWE,28,ss,14,2,,,,,,,,,,,0.0,23,16,7,0,1,
478,Devin Bush Jr.,PIT,22,ilb,5,5,0,0,0,0,3,,,,,,1.0,26,16,10,0,2,
479,Tevaughn Campbell ,LAC,27,cb,14,4,1,6,1,6,3,1,0,0,0,0,0.0,22,16,6,0,1,
480,L.J. Collier,SEA,25,DE,16,16,0,0,0,0,2,,,,,,3.0,22,16,6,4,7,
481,Michael Danna,KAN,23,de,13,1,,,,,,,,,,,2.5,25,16,9,4,6,
482,Todd Davis ,MIN,28,ilb,11,6,0,0,0,0,2,,,,,,1.0,35,16,19,2,1,
483,Javon Hargrave,PHI,27,DT,15,11,0,0,0,0,1,0,0,1,0,0,4.5,38,16,22,5,8,
484,Jalyn Holmes,MIN,24,de,14,9,0,0,0,0,2,,,,,,0.0,36,16,20,2,4,
485,Dean Marlowe ,BUF,28,ss,15,4,2,39,0,23,3,0,0,1,0,0,1.5,22,16,6,2,2,
486,Bilal Nichols ,CHI,24,NT,16,16,1,7,0,7,3,,,,,,5.0,40,16,24,7,13,
487,Ifeadi Odenigbo,MIN,26,DE,15,15,,,,,,,,,,,3.5,35,16,19,3,15,1
488,Jamal Perry ,MIA,26,cb,13,1,0,0,0,0,1,,,,,,0.0,26,16,10,0,0,
489,Richard Sherman,SFO,32,cb,5,5,1,18,0,18,1,,,,,,0.0,18,16,2,1,0,
490,Daniel Thomas,JAX,22,ss,10,2,1,53,0,53,2,,,,,,0.0,18,16,2,0,0,
491,Jalen Thompson,ARI,22,fs,5,4,0,0,0,0,1,,,,,,0.0,19,16,3,0,0,
492,Desmond Trufant,DET,30,cb,6,6,1,0,0,0,4,,,,,,1.0,20,16,4,1,1,
493,D.J. Wonnum,MIN,23,de,14,2,0,0,0,0,1,1,0,0,0,0,3.0,24,16,8,5,9,
494,Angelo Blackson,ARI,28,dt,16,9,,,,,,,,,,,2.5,24,15,9,4,8,
495,,,,,,,,,,,,,,,,,,,,,,,
496,Tyeler Davison,ATL,28,DT,16,15,,,,,,,,,,,0.5,36,15,21,2,2,
497,Sam Franklin,CAR,24,ss,14,4,0,0,0,0,1,,,,,,1.0,23,15,8,1,1,
498,Randy Gregory,DAL,28,,10,0,0,0,0,0,1,3,0,0,0,0,3.5,21,15,6,4,12,
499,Javelin Guidry,NYJ,22,db,11,2,,,,,,4,0,0,0,0,0.0,22,15,7,0,1,
500,D.J. Hayden,JAX,30,cb,5,1,0,0,0,0,1,,,,,,0.0,18,15,3,1,1,
501,Marquis Haynes,CAR,27,,15,0,0,0,0,0,1,1,0,2,1,0,4.0,18,15,3,4,5,
502,B.J. Hill,NYG,25,,16,0,0,0,0,0,1,,,,,,1.0,32,15,17,2,3,
503,Malik Jackson,PHI,30,dt,15,6,0,0,0,0,2,0,0,1,0,0,2.5,28,15,13,6,13,
504,Jordan Jenkins,NYJ,26,OLB,12,12,0,0,0,0,1,1,0,0,0,0,2.0,32,15,17,3,6,
505,Devon Kennard,ARI,29,olb,13,4,,,,,,,,,,,3.0,19,15,4,5,9,
506,Javon Kinlaw ,SFO,23,DT,14,12,1,27,1,27,4,,,,,,1.5,33,15,18,3,4,
507,Steve McLendon,2TM,34,,15,6,,,,,,,,,,,0.0,31,15,16,2,0,
508,Trent Murphy,BUF,30,de,10,9,,,,,,,,,,,2.0,19,15,4,3,6,
509,Jacob Phillips ,CLE,21,olb,9,3,0,0,0,0,1,,,,,,0.0,25,15,10,1,1,
510,Jeremy Reaves,WAS,24,fs,9,3,1,0,0,0,2,,,,,,1.0,25,15,10,1,1,
511,Danny Shelton,DET,27,DT,12,12,0,0,0,0,1,,,,,,1.0,37,15,22,2,4,
512,James Vaughters,CHI,27,,14,0,,,,,,,,,,,1.5,22,15,7,2,2,
513,K'Von Wallace,PHI,23,db,15,3,,,,,,0,0,1,0,0,0.0,21,15,6,0,0,
514,Brandon Watson,JAX,25,cb,16,1,,,,,,,,,,,0.0,24,15,9,0,0,
515,Armani Watts,KAN,24,ss,16,1,0,0,0,0,1,,,,,,0.0,17,15,2,0,0,
516,Oren Burks,GNB,25,,16,0,,,,,,2,0,0,0,0,0.0,21,14,7,1,0,
517,Jadeveon Clowney,TEN,27,de,8,8,0,0,0,0,4,1,0,0,0,0,0.0,19,14,5,4,6,
518,John Cominsky,ATL,25,dt,13,1,,,,,,0,0,1,0,0,1.0,28,14,14,3,3,
519,Christian Covington ,CIN,27,NT,16,14,,,,,,,,,,,0.0,39,14,25,0,1,
520,Byron Cowart,NWE,24,DT,14,14,0,0,0,0,1,,,,,,1.0,27,14,13,3,3,
521,Zaire Franklin,IND,24,olb,16,2,,,,,,,,,,,0.0,19,14,5,0,0,
522,Kristian Fulton ,TEN,22,cb,6,2,1,44,0,44,1,,,,,,1.0,16,14,2,1,1,
523,Dennis Gardeck,ARI,26,,14,0,,,,,,0,0,1,0,0,7.0,16,14,2,7,10,
524,Kevin Givens ,SFO,23,dt,13,1,0,0,0,0,1,0,0,1,0,0,1.0,19,14,5,5,3,
525,Bryce Hager,NYJ,28,ilb,10,2,0,0,0,0,1,,,,,,0.5,23,14,9,1,1,
526,,,,,,,,,,,,,,,,,,,,,,,
527,DaVon Hamilton ,JAX,23,nt,11,6,0,0,0,0,1,0,0,1,0,0,1.0,30,14,16,2,5,
528,Shaun Dion Hamilton,WAS,25,olb,14,3,,,,,,,,,,,0.0,21,14,7,2,1,
529,Harrison Hand,MIN,22,cb,14,1,1,4,0,4,3,,,,,,0.0,17,14,3,0,0,
530,Maurice Hurst Jr.,LVR,25,dt,11,3,0,0,0,0,1,,,,,,0.5,27,14,13,1,6,
531,Chris Jackson ,TEN,22,cb,11,3,0,0,0,0,1,,,,,,0.0,24,14,10,1,0,
532,Quinton Jefferson,BUF,27,dt,16,4,0,0,0,0,1,1,0,1,0,0,3.0,23,14,9,3,6,
533,D.J. Jones,SFO,25,DT,14,14,0,0,0,0,1,,,,,,3.0,20,14,6,7,3,
534,Dean Lowry,GNB,26,DE,16,16,0,0,0,0,2,,,,,,3.0,36,14,22,2,4,
535,Cassius Marsh,3TM,28,,8,1,,,,,,1,0,0,0,0,0.0,16,14,2,0,1,
536,Xavier McKinney,NYG,21,db,6,4,1,0,0,0,1,,,,,,0.0,25,14,11,1,0,
537,George Odum+,IND,27,,16,0,,,,,,1,0,0,0,0,0.0,21,14,7,0,0,
538,Robert Quinn,CHI,30,DE,15,13,,,,,,3,0,1,0,0,2.0,20,14,6,0,6,
539,Tershawn Wharton,KAN,22,dt,16,1,,,,,,1,1,1,-3,0,2.0,27,14,13,4,4,
540,Jahleel Addae,LAC,30,,11,0,1,3,0,3,2,,,,,,0.5,21,13,8,0,1,
541,Justin Bethel,NWE,30,,16,0,,,,,,,,,,,0.0,14,13,1,0,0,
542,Shilique Calhoun,NWE,28,,10,0,,,,,,2,0,0,0,0,2.0,18,13,5,1,3,
543,Carter Coughlin,NYG,23,olb,14,2,,,,,,,,,,,1.0,17,13,4,2,2,
544,Tyrel Dodson,BUF,22,mlb,10,2,0,0,0,0,2,,,,,,1.0,22,13,9,2,0,
545,Troy Dye,MIN,24,ilb,11,5,0,0,0,0,2,,,,,,0.0,28,13,15,0,1,
546,Brandon Facyson,LAC,26,,13,0,,,,,,1,0,0,0,0,0.0,16,13,3,0,0,
547,Matthias Farley,NYJ,28,fs,16,2,0,0,0,0,3,,,,,,0.0,24,13,11,0,1,
548,Rudy Ford,PHI,26,ss,8,1,,,,,,,,,,,0.0,15,13,2,1,0,
549,Porter Gustin,CLE,23,de,14,3,,,,,,,,,,,0.0,30,13,17,2,2,
550,Davontae Harris,2TM,25,,11,2,0,0,0,0,1,1,0,0,0,0,0.0,14,13,1,0,0,
551,Dane Jackson,BUF,24,cb,5,2,1,6,0,6,5,0,0,1,0,0,0.0,15,13,2,1,0,
552,Justin Layne,PIT,22,,16,0,,,,,,,,,,,0.0,22,13,9,0,0,
553,Jacob Martin,HOU,25,de,14,1,0,0,0,0,1,1,0,1,0,0,3.0,20,13,7,3,3,
554,Mike Pennel,KAN,29,nt,14,1,,,,,,,,,,,0.0,29,13,16,0,1,
555,Sheldon Rankins,NOR,26,dt,12,1,0,0,0,0,1,,,,,,1.5,20,13,7,3,9,
556,Alton Robinson,SEA,22,de,14,1,,,,,,1,0,0,0,0,4.0,22,13,9,5,4,
557,,,,,,,,,,,,,,,,,,,,,,,
558,Rashard Robinson,DAL,25,cb,4,3,,,,,,,,,,,0.0,20,13,7,0,0,
559,Bravvion Roy,CAR,24,dt,15,9,,,,,,,,,,,1.0,29,13,16,2,5,
560,D.J. Swearinger,NOR,29,,11,0,0,0,0,0,1,,,,,,0.0,14,13,1,0,0,
561,Kindle Vildor,CHI,23,cb,16,1,0,0,0,0,1,,,,,,0.0,17,13,4,0,0,
562,Justin Zimmer,BUF,28,,12,0,,,,,,1,0,0,0,0,1.0,21,13,8,3,7,
563,Dakota Allen,JAX,25,olb,13,2,,,,,,,,,,,0.0,18,12,6,3,1,
564,Austin Bryant,DET,24,de,6,1,,,,,,,,,,,0.0,17,12,5,1,1,
565,K'Lavon Chaisson ,JAX,21,de,16,3,0,0,0,0,1,,,,,,1.0,19,12,7,3,9,
566,Doug Costin,JAX,23,dt,12,9,0,0,0,0,2,0,0,1,0,0,0.0,32,12,20,3,1,
567,Vinny Curry,PHI,32,de,11,3,,,,,,0,0,1,0,0,3.0,16,12,4,3,10,
568,Marcus Davenport,NOR,24,de,11,1,0,0,0,0,2,,,,,,1.5,21,12,9,3,8,
569,Brandon Dunn,HOU,28,NT,13,13,,,,,,0,0,1,0,0,0.0,26,12,14,0,3,
570,Trey Flowers,DET,27,de,7,5,0,0,0,0,1,2,0,1,4,0,2.0,22,12,10,3,3,
571,Dante Fowler,ATL,26,DE,14,13,0,0,0,0,1,1,0,0,0,0,3.0,23,12,11,4,8,
572,Da'Shawn Hand,DET,25,de,10,1,,,,,,1,0,0,0,0,0.0,19,12,7,1,0,
573,DeAndre Houston-Carson,CHI,27,,16,0,1,0,0,0,3,0,0,1,0,0,0.0,15,12,3,0,0,
574,Bryce Huff,NYJ,22,,14,0,0,0,0,0,1,,,,,,2.0,16,12,4,4,4,
575,Michael Jacquet,PHI,23,db,7,2,0,0,0,0,3,1,0,0,0,0,1.0,18,12,6,0,1,
576,Joshua Kalu,TEN,25,,15,0,,,,,,1,0,0,0,0,0.0,16,12,4,0,0,
577,Kingsley Keke,GNB,24,de,15,9,0,0,0,0,2,1,0,0,0,0,4.0,21,12,9,3,8,
578,Hercules Mata'afa,MIN,25,dt,13,1,,,,,,,,,,,2.5,24,12,12,3,6,
579,Tyler Matakevich,BUF,28,,16,0,0,0,0,0,2,,,,,,0.0,23,12,11,0,0,
580,Whitney Mercilus,HOU,30,OLB,13,12,0,0,0,0,1,0,1,1,0,0,4.0,21,12,9,5,7,
581,Tim Settle,WAS,23,dt,16,1,,,,,,,,,,,5.0,19,12,7,5,7,
582,Armon Watts,MIN,24,,16,0,,,,,,,,,,,0.5,31,12,19,0,2,
583,Joejuan Williams ,NWE,23,,15,0,0,0,0,0,2,,,,,,0.0,18,12,6,0,0,
584,Nick Williams,DET,30,DT,14,13,0,0,0,0,2,,,,,,1.0,23,12,11,2,3,
585,Shawn Williams,CIN,29,,13,0,0,0,0,0,1,,,,,,0.0,16,12,4,0,0,
586,Olasunkanmi Adeniyi,PIT,23,olb,15,1,,,,,,1,0,0,0,0,0.0,16,11,5,1,0,
587,Nick Bellore*,SEA,31,,16,0,,,,,,0,0,1,0,0,0.0,14,11,3,0,0,
588,,,,,,,,,,,,,,,,,,,,,,,
589,Lorenzo Carter ,NYG,25,olb,5,5,0,0,0,0,1,,,,,,1.0,15,11,4,2,4,
590,Sean Davis,PIT,27,fs,16,1,0,0,0,0,1,0,0,1,0,0,0.0,12,11,1,0,0,
591,Mario Edwards,CHI,26,,15,0,0,0,0,0,1,,,,,,4.0,17,11,6,6,7,
592,A.J. Epenesa ,BUF,22,de,14,1,0,0,0,0,1,,,,,,1.0,14,11,3,3,4,
593,Neville Gallimore ,DAL,23,dt,14,9,0,0,0,0,1,,,,,,0.5,28,11,17,4,4,
594,Carl Granderson,NOR,24,,15,0,0,0,0,0,1,2,0,0,0,0,5.0,14,11,3,3,9,
595,Darius Harris,KAN,24,ilb,4,2,0,0,0,0,1,0,0,1,15,0,0.0,14,11,3,0,0,
596,Noah Igbinoghene ,MIA,21,cb,16,2,0,0,0,0,2,0,0,2,5,0,0.0,13,11,2,0,0,
597,Darryl Johnson,BUF,23,,15,0,,,,,,,,,,,1.0,14,11,3,3,3,
598,Dion Jordan,SFO,30,de,13,1,0,0,0,0,1,1,0,1,0,0,3.0,17,11,6,3,5,
599,Zach Kerr ,CAR,30,dt,13,4,0,0,0,0,2,1,0,0,0,0,2.0,32,11,21,2,9,
600,Sean Lee ,DAL,34,olb,9,2,,,,,,,,,,,0.0,20,11,9,0,1,
601,Ryan Lewis,NYG,26,cb,5,3,0,0,0,0,1,,,,,,0.0,13,11,2,0,0,
602,Justin Madubuike,BAL,23,dt,10,3,,,,,,,,,,,1.0,19,11,8,2,2,
603,Sherrick McManis,CHI,33,,11,0,1,0,0,0,1,1,0,1,0,0,0.0,12,11,1,0,0,
604,Anthony Nelson,TAM,23,olb,16,1,0,0,0,0,1,,,,,,1.0,18,11,7,2,7,
605,Charles Omenihu,HOU,23,de,15,5,0,0,0,0,2,,,,,,4.0,17,11,6,5,16,
606,Harrison Phillips,BUF,24,dt,12,3,,,,,,0,0,1,0,0,0.0,18,11,7,0,4,
607,John Reid,HOU,24,cb,13,1,0,0,0,0,1,,,,,,0.0,13,11,2,0,0,
608,Patrick Robinson,NOR,33,cb,12,4,2,0,0,0,4,,,,,,0.0,14,11,3,1,0,
609,Nick Scott,LAR,25,,15,0,,,,,,,,,,,0.0,16,11,5,0,0,
610,Vernon Scott,GNB,23,,15,0,,,,,,,,,,,1.0,13,11,2,2,1,
611,Tye Smith,TEN,27,cb,12,3,0,5,0,5,1,,,,,,0.0,15,11,4,1,0,
612,Tedric Thompson,KAN,25,,8,0,,,,,,,,,,,0.0,13,11,2,0,0,
613,Xavier Williams,2TM,28,,12,3,,,,,,0,0,1,0,0,1.0,24,11,13,0,1,
614,Ross Blacklock ,HOU,22,dt,15,1,,,,,,,,,,,0.0,14,10,4,1,2,
615,Taven Bryan,JAX,24,dt,16,8,,,,,,,,,,,0.5,18,10,8,3,6,
616,Joe Giles-Harris,JAX,23,lb,9,3,,,,,,,,,,,1.0,20,10,10,2,5,
617,Davon Godchaux,MIA,26,nt,5,5,,,,,,,,,,,0.0,16,10,6,1,2,
618,Jonathan Greenard ,HOU,23,olb,13,1,0,0,0,0,1,,,,,,1.0,19,10,9,2,3,
619,,,,,,,,,,,,,,,,,,,,,,,
620,Anfernee Jennings ,NWE,23,olb,14,4,,,,,,,,,,,0.0,20,10,10,0,1,
621,Arden Key,LVR,24,,14,0,0,0,0,0,2,,,,,,0.0,15,10,5,2,11,
622,Miles Killebrew,DET,27,,15,0,,,,,,,,,,,0.0,12,10,2,0,0,
623,Kevin Minter,TAM,30,ilb,16,1,0,0,0,0,1,,,,,,0.0,15,10,5,0,0,
624,Efe Obada,CAR,28,de,16,1,,,,,,1,0,2,54,0,5.5,18,10,8,4,15,
625,Corey Peters,ARI,32,nt,9,9,0,0,0,0,1,,,,,,2.0,15,10,5,3,4,
626,Jordan Phillips,ARI,28,dt,9,9,0,0,0,0,1,2,0,1,0,0,2.0,11,10,1,1,3,
627,Mike Purcell,DEN,29,nt,6,6,,,,,,,,,,,1.0,15,10,5,2,1,
628,Josiah Scott,JAX,21,,6,0,,,,,,,,,,,0.0,11,10,1,1,0,
629,Jabaal Sheard,2TM,31,,10,3,0,0,0,0,1,1,0,0,0,0,1.5,19,10,9,2,6,
630,Kevin Strong,DET,24,dt,6,1,,,,,,,,,,,1.0,15,10,5,1,2,
631,Adarius Taylor,CAR,30,mlb,13,2,,,,,,,,,,,0.0,19,10,9,1,0,
632,Tramon Williams,BAL,37,,6,0,0,0,0,0,1,,,,,,0.0,14,10,4,0,2,
633,Tashawn Bower,NWE,25,de,7,3,0,0,0,0,1,,,,,,0.0,11,9,2,1,0,
634,Shaun Bradley,PHI,23,,15,0,,,,,,,,,,,0.0,15,9,6,1,0,
635,Malcom Brown ,NOR,26,DT,13,13,,,,,,,,,,,1.0,27,9,18,3,2,
636,Myles Bryant,NWE,22,,9,0,1,0,0,0,1,,,,,,0.0,12,9,3,0,0,
637,Vernon Butler,BUF,26,dt,14,9,0,0,0,0,1,1,0,0,0,0,0.0,18,9,9,5,2,
638,Ross Cockrell,TAM,29,cb,12,2,0,0,0,0,1,,,,,,0.0,11,9,2,1,1,
639,Adrian Colbert,NYG,27,fs,6,2,,,,,,,,,,,0.0,13,9,4,1,0,
640,Trevon Coley,ARI,26,dt,6,2,,,,,,,,,,,1.0,14,9,5,3,2,
641,William Compton,TEN,31,ilb,12,1,,,,,,0,0,1,0,0,0.0,18,9,9,0,0,
642,Jordan Dangerfield,PIT,30,,15,0,,,,,,,,,,,0.0,10,9,1,0,0,
643,Mike Ford,DET,25,cb,9,1,0,0,0,0,1,,,,,,0.0,12,9,3,0,0,
644,Greg Gaines,LAR,24,,16,0,,,,,,0,0,1,0,0,1.5,18,9,9,1,3,
645,Yetur Gross-Matos ,CAR,22,de,12,7,,,,,,1,0,0,0,0,2.5,24,9,15,2,6,
646,Antonio Hamilton,KAN,27,,16,0,0,0,0,0,1,,,,,,0.0,12,9,3,0,1,
647,Myles Hartsfield,CAR,23,,16,0,0,0,0,0,1,0,0,2,0,0,0.0,14,9,5,1,0,
648,Mike Hughes,MIN,23,cb,4,2,0,0,0,0,1,,,,,,0.0,13,9,4,0,0,
649,Joel Iyiegbuniwe,CHI,25,,16,0,0,0,0,0,1,,,,,,0.0,12,9,3,0,0,
650,,,,,,,,,,,,,,,,,,,,,,,
651,Adoree' Jackson ,TEN,25,cb,3,2,,,,,,,,,,,0.0,12,9,3,0,0,
652,Khalid Kareem,CIN,22,,16,0,,,,,,,,,,,1.0,19,9,10,1,2,
653,Ryan Kerrigan,WAS,32,de,16,1,0,0,0,0,1,0,0,1,6,0,5.5,17,9,8,5,6,
654,Siran Neal,BUF,26,,16,0,0,0,0,0,1,,,,,,0.0,13,9,4,0,1,
655,Hardy Nickerson ,MIN,26,ilb,14,1,1,5,0,5,1,2,0,0,0,0,0.0,14,9,5,0,0,
656,Keisean Nixon,LVR,23,cb,15,1,,,,,,0,2,0,0,0,0.0,14,9,5,0,1,
657,Alex Okafor,KAN,29,,11,0,,,,,,1,0,0,0,0,3.0,16,9,7,1,10,
658,Jalen Reeves-Maybin,DET,25,,16,0,,,,,,,,,,,0.0,10,9,1,0,0,
659,Hassan Ridgeway,PHI,26,,7,0,,,,,,,,,,,1.0,11,9,2,2,1,
660,Duke Shelley,CHI,24,cb,11,2,0,0,0,0,1,,,,,,0.0,16,9,7,0,0,
661,Damion Square,LAC,31,nt,16,1,,,,,,,,,,,1.0,20,9,11,1,2,
662,Vincent Taylor,CLE,26,dt,15,1,,,,,,0,0,1,0,0,0.0,12,9,3,2,1,
663,DeMarcus Walker,DEN,26,de,13,4,,,,,,1,0,0,0,0,4.5,18,9,9,3,5,
664,Nsimba Webster,LAR,24,,16,0,,,,,,0,3,2,0,0,0.0,12,9,3,0,0,
665,Brandon Wilson,CIN,26,,15,0,,,,,,1,0,0,0,0,0.0,13,9,4,0,0,
666,Josh Woods,CHI,24,,15,0,,,,,,0,0,1,0,0,0.0,14,9,5,0,0,
667,Allen Bailey,ATL,31,de,16,4,,,,,,,,,,,1.5,15,8,7,2,5,
668,Cam Brown,NYG,22,,15,0,,,,,,1,0,0,0,0,0.0,12,8,4,0,3,
669,Maliek Collins,LVR,25,DT,12,11,,,,,,,,,,,0.0,15,8,7,0,1,
670,John Franklin-Myers,NYJ,24,de,15,2,0,0,0,0,2,0,0,2,0,0,3.0,19,8,11,5,13,
671,J.T. Gray,NOR,24,,16,0,0,0,0,0,1,0,0,2,0,0,0.0,8,8,0,0,0,
672,Charles Harris,ATL,25,olb,13,1,0,0,0,0,2,,,,,,3.0,18,8,10,3,5,
673,Jaylinn Hawkins,ATL,23,fs,12,2,,,,,,,,,,,0.5,13,8,5,0,1,
674,Lano Hill,SEA,25,,2,0,,,,,,,,,,,0.0,10,8,2,1,0,
675,Khaleke Hudson,WAS,23,olb,16,2,,,,,,,,,,,0.0,14,8,6,2,1,
676,Austin Johnson,NYG,26,,16,0,0,0,0,0,1,1,0,0,0,0,1.0,18,8,10,2,1,
677,Tyler Lancaster,GNB,26,nt,15,3,0,0,0,0,1,,,,,,0.0,23,8,15,0,0,
678,Blake Lynch,MIN,23,lb,4,1,0,0,0,0,1,,,,,,0.0,12,8,4,0,0,
679,Josh Metellus,MIN,22,,15,0,,,,,,0,0,2,0,0,0.0,9,8,1,0,0,
680,Dare Ogunbowale,JAX,26,rb,14,2,,,,,,,,,,,0.0,10,8,2,0,0,
681,,,,,,,,,,,,,,,,,,,,,,,
682,Ogbonnia Okoronkwo,LAR,25,,10,0,0,0,0,0,1,,,,,,1.0,12,8,4,1,3,
683,D.J. Reader,CIN,26,nt,5,5,0,0,0,0,2,,,,,,0.0,19,8,11,1,1,
684,Edmond Robinson,ATL,28,,13,0,,,,,,,,,,,0.0,15,8,7,0,1,
685,Nathan Shepherd,NYJ,27,dt,14,3,,,,,,,,,,,2.5,17,8,9,3,8,
686,Andre Smith,BUF,23,,12,0,,,,,,1,0,0,0,0,0.0,9,8,1,1,0,
687,James Smith-Williams,WAS,23,,14,0,,,,,,,,,,,0.5,10,8,2,3,2,
688,Michael Thomas,HOU,30,,9,0,,,,,,,,,,,0.0,16,8,8,0,0,
689,Jaylen Watkins,LAC,29,ss,3,1,,,,,,,,,,,0.0,8,8,0,0,0,
690,Josh Allen,JAX,23,de,8,7,0,0,0,0,1,,,,,,2.5,13,7,6,2,11,
691,Luq Barcoo,JAX,22,cb,3,1,0,0,0,0,1,,,,,,0.0,10,7,3,1,0,
692,Zack Baun ,NOR,24,olb,15,3,,,,,,,,,,,0.0,12,7,5,1,0,
693,Tony Brown ,CIN,25,cb,13,1,0,0,0,0,1,,,,,,0.0,13,7,6,2,0,
694,Isaiah Buggs,PIT,24,de,10,1,,,,,,,,,,,0.0,11,7,4,0,1,
695,Terrell Burgess ,LAR,22,,7,0,0,0,0,0,1,,,,,,0.0,8,7,1,0,0,
696,Ben Burr-Kirven,SEA,23,,16,0,,,,,,,,,,,0.0,8,7,1,1,0,
697,Stephen Carlson,CLE,24,te,16,2,,,,,,,,,,,0.0,9,7,2,0,0,
698,Jurrell Casey,DEN,31,dt,3,3,0,0,0,0,3,,,,,,0.0,14,7,7,1,2,
699,Anthony Chickillo ,DEN,28,,11,0,0,0,0,0,1,,,,,,1.0,11,7,4,1,1,
700,Tyrone Crawford ,DAL,31,de,16,3,,,,,,,,,,,2.0,14,7,7,2,4,
701,Mike Daniels,CIN,31,DT,11,11,,,,,,,,,,,0.0,17,7,10,1,1,
702,Tae Davis,CLE,24,,13,0,0,0,0,0,1,,,,,,0.0,7,7,0,0,0,
703,Nick Dzubnar,TEN,29,,16,0,,,,,,,,,,,0.0,14,7,7,0,0,
704,Rasheem Green,SEA,23,,10,0,,,,,,0,0,1,0,0,2.0,10,7,3,2,6,
705,Ka'dar Hollman,GNB,26,cb,14,1,0,0,0,0,3,,,,,,0.0,10,7,3,0,0,
706,Margus Hunt,2TM,33,,13,1,0,0,0,0,4,0,0,1,0,0,1.0,9,7,2,3,4,
707,John Jenkins,CHI,31,,11,0,0,0,0,0,1,,,,,,0.0,21,7,14,0,1,
708,Isaiah Johnson,LVR,25,,14,0,0,0,0,0,4,,,,,,0.0,13,7,6,0,0,
709,Thakarius Keyes ,KAN,23,cb,8,1,,,,,,,,,,,0.0,8,7,1,0,0,
710,Rashard Lawrence,ARI,22,nt,9,1,,,,,,,,,,,0.0,9,7,2,1,0,
711,Fabian Moreau,WAS,26,cb,16,1,2,0,0,0,3,,,,,,0.0,9,7,2,0,0,
712,,,,,,,,,,,,,,,,,,,,,,,
713,Rakeem Nunez-Roches,TAM,27,DT,16,11,,,,,,,,,,,0.0,20,7,13,0,3,
714,Dorian O'Daniel,KAN,26,,11,0,,,,,,,,,,,1.0,9,7,2,1,1,
715,Kyle Phillips,NYJ,23,de,7,3,,,,,,,,,,,0.0,11,7,4,3,1,
716,James Pierre,PIT,24,,16,0,,,,,,,,,,,0.0,10,7,3,1,0,
717,LaRoy Reynolds,ATL,30,,16,0,0,0,0,0,1,1,0,1,0,0,0.0,12,7,5,0,0,
718,Curtis Riley,2TM,28,,6,1,,,,,,,,,,,0.0,10,7,3,0,0,
719,Malcolm Roach,NOR,22,,9,0,,,,,,,,,,,0.0,16,7,9,2,2,
720,Craig Robertson,NOR,32,,16,0,,,,,,1,0,0,0,0,0.0,7,7,0,0,0,
721,Roy Robertson-Harris,CHI,27,dt,8,6,,,,,,,,,,,0.0,10,7,3,1,5,
722,E.J. Speed,IND,25,,15,0,,,,,,,,,,,0.0,9,7,2,0,0,
723,Davion Taylor ,PHI,22,olb,12,1,,,,,,,,,,,0.0,10,7,3,0,0,
724,Josh Uche ,NWE,22,olb,9,1,,,,,,,,,,,1.0,9,7,2,2,7,
725,Jihad Ward,BAL,26,,10,0,0,0,0,0,2,,,,,,3.0,16,7,9,4,8,
726,Charles Washington ,ARI,27,,15,0,0,0,0,0,1,1,0,0,0,0,0.0,12,7,5,0,0,
727,Stephen Weatherly,CAR,26,de,9,9,,,,,,,,,,,0.0,17,7,10,1,3,
728,Kyle Wilber,LVR,31,,16,0,,,,,,0,0,1,0,0,0.0,12,7,5,0,0,
729,Jordan Willis,2TM,25,,9,0,,,,,,0,0,1,0,0,2.5,13,7,6,2,5,
730,Antwaun Woods,DAL,27,dt,14,7,,,,,,,,,,,1.0,23,7,16,1,2,
731,Montravius Adams,GNB,25,,8,0,,,,,,,,,,,0.0,11,6,5,2,0,
732,Ryan Anderson,WAS,26,,9,0,,,,,,,,,,,0.0,9,6,3,1,0,
733,Grayland Arnold,PHI,23,db,6,1,0,0,0,0,1,,,,,,0.0,11,6,5,1,0,
734,Genard Avery,PHI,25,,11,0,0,0,0,0,1,,,,,,1.5,12,6,6,2,7,
735,Anthony Barr,MIN,28,olb,2,2,,,,,,,,,,,0.0,6,6,0,0,0,
736,Daren Bates,TEN,30,,13,0,,,,,,,,,,,0.0,8,6,2,0,0,
737,Henry Black,GNB,23,,8,0,,,,,,1,0,0,0,0,0.0,8,6,2,0,0,
738,Amani Bledsoe,CIN,22,de,14,4,0,0,0,0,2,,,,,,0.0,17,6,11,0,0,
739,Terrell Bonds,BAL,24,cb,4,1,,,,,,,,,,,0.0,6,6,0,0,0,
740,Cethan Carter ,CIN,25,te,15,5,,,,,,,,,,,0.0,10,6,4,0,0,
741,Dan Chisena,MIN,23,,14,0,,,,,,0,0,1,0,0,0.0,6,6,0,0,0,
742,Adrian Clayborn,CLE,32,de,15,2,0,0,0,0,1,1,0,0,0,0,3.5,12,6,6,3,7,
743,,,,,,,,,,,,,,,,,,,,,,,
744,Ryan Connelly,MIN,25,,14,0,,,,,,,,,,,0.0,6,6,0,0,0,
745,Brandon Copeland,NWE,29,olb,6,4,,,,,,,,,,,0.0,12,6,6,1,0,
746,Nate Ebner,NYG,32,,16,0,0,0,0,0,1,,,,,,0.0,8,6,2,0,0,
747,Mike Edwards,TAM,24,,16,0,2,67,0,37,5,0,1,1,31,0,0.0,11,6,5,0,0,
748,Daniel Ekuale ,JAX,26,dt,9,5,,,,,,,,,,,1.0,13,6,7,1,1,
749,Jordan Elliott ,CLE,23,dt,16,1,,,,,,,,,,,0.0,15,6,9,0,0,
750,Justin Ellis,BAL,30,nt,13,3,0,0,0,0,1,,,,,,0.0,17,6,11,0,0,
751,Clayton Fejedelem,MIA,27,,13,0,,,,,,1,0,1,0,0,0.0,10,6,4,0,0,
752,Demetrius Flannigan-Fowles,SFO,24,ss,11,1,,,,,,,,,,,0.0,9,6,3,0,0,
753,Leki Fotu,ARI,22,,11,0,,,,,,,,,,,1.0,11,6,5,4,3,
754,Jordan Glasgow,IND,24,,13,0,,,,,,,,,,,0.0,9,6,3,0,0,
755,C.J. Goodwin,DAL,30,,16,0,,,,,,,,,,,0.0,9,6,3,0,0,
756,Shaquem Griffin,SEA,25,,14,0,0,0,0,0,1,,,,,,1.0,9,6,3,1,3,
757,Nate Hall,HOU,24,,10,0,,,,,,1,0,0,0,0,2.0,11,6,5,1,2,
758,Justin Hardee,NOR,26,,10,0,,,,,,,,,,,0.0,8,6,2,0,0,
759,Justice Hill,BAL,23,,12,0,,,,,,1,0,0,0,0,0.0,9,6,3,0,0,
760,Trysten Hill,DAL,22,dt,5,5,,,,,,,,,,,0.0,11,6,5,1,3,
761,Robert Jackson,CLE,27,cb,10,1,0,0,0,0,1,,,,,,0.0,6,6,0,0,0,
762,Elijah Lee,2TM,24,,12,0,,,,,,,,,,,0.0,8,6,2,0,0,
763,David Long,LAR,22,cb,16,1,,,,,,,,,,,0.0,7,6,1,0,0,
764,Damontre Moore,SEA,28,,10,0,,,,,,1,0,0,0,0,1.0,9,6,3,1,7,
765,Calvin Munson,MIA,26,,16,0,,,,,,,,,,,0.0,9,6,3,0,0,
766,Domata Peko,ARI,36,nt,6,5,,,,,,,,,,,0.0,16,6,10,0,0,
767,A'Shawn Robinson,LAR,25,,8,0,0,0,0,0,1,,,,,,0.0,12,6,6,0,1,
768,Kevon Seymour,PHI,27,,2,0,,,,,,,,,,,0.0,8,6,2,0,0,
769,Trent Sherfield,ARI,24,wr,15,1,,,,,,0,0,3,0,0,0.0,9,6,3,0,0,
770,Stantley Thomas-Oliver,CAR,22,,10,0,,,,,,,,,,,0.0,7,6,1,0,0,
771,Nick Thurman,NWE,25,de,7,1,,,,,,,,,,,0.0,10,6,4,1,0,
772,Vita Vea,TAM,25,nt,5,5,,,,,,,,,,,2.0,10,6,4,3,3,
773,Blidi Wreh-Wilson,ATL,31,,15,0,3,26,0,23,4,,,,,,0.0,9,6,3,1,0,
774,,,,,,,,,,,,,,,,,,,,,,,
775,B.J. Bello,LAC,26,,6,0,,,,,,,,,,,0.0,7,5,2,0,0,
776,Marquise Blair,SEA,23,,2,0,,,,,,1,0,0,0,0,0.0,8,5,3,0,0,
777,Tramaine Brock ,DET,32,,1,0,,,,,,,,,,,0.0,5,5,0,0,0,
778,Deon Bush,CHI,27,,11,0,1,10,0,10,2,,,,,,0.0,5,5,0,0,0,
779,Trenton Cannon,CAR,26,,14,0,,,,,,,,,,,0.0,6,5,1,0,0,
780,Kamalei Correa ,2TM,26,,9,6,0,0,0,0,1,,,,,,0.0,9,5,4,0,2,
781,Thomas Davis ,WAS,37,,7,0,0,0,0,0,1,,,,,,0.0,6,5,1,0,0,
782,Riley Dixon,NYG,27,p,16,0,,,,,,,,,,,0.0,5,5,0,0,0,
783,Samuel Eguavoen,MIA,27,ilb,16,1,0,0,0,0,1,,,,,,0.0,9,5,4,1,0,
784,Jayrone Elliott,PIT,29,,8,0,,,,,,,,,,,1.0,7,5,2,2,1,
785,Jordan Evans,CIN,25,,15,0,1,0,0,0,1,0,0,1,0,0,2.0,11,5,6,2,2,
786,Kylie Fitts,ARI,26,olb,13,1,,,,,,1,0,0,0,0,0.0,9,5,4,0,1,
787,Kavon Frazier,MIA,26,,15,0,,,,,,,,,,,0.0,6,5,1,0,0,
788,Alohi Gilman,LAC,23,ss,15,1,,,,,,,,,,,0.0,7,5,2,0,1,
789,Nate Hairston,2TM,26,,5,0,,,,,,,,,,,0.0,6,5,1,1,0,
790,Grant Haley,NOR,24,,1,0,1,0,0,0,1,,,,,,0.0,6,5,1,0,1,
791,C.J. Ham,MIN,27,FB,15,11,,,,,,,,,,,0.0,6,5,1,0,0,
792,Madre Harper,NYG,23,,9,0,,,,,,0,0,1,0,0,0.0,5,5,0,0,0,
793,Alijah Holder ,DEN,24,,8,0,,,,,,,,,,,0.0,7,5,2,0,0,
794,Malik Hooker ,IND,24,fs,2,2,,,,,,,,,,,0.0,7,5,2,0,0,
795,George Iloka,MIN,30,,4,0,,,,,,,,,,,0.0,6,5,1,1,0,
796,Melvin Ingram,LAC,31,de,7,7,1,0,0,0,2,,,,,,0.0,10,5,5,0,5,
797,Matthew Ioannidis,WAS,26,,3,0,,,,,,,,,,,1.5,7,5,2,2,4,
798,Chandler Jones,ARI,30,olb,5,5,,,,,,0,0,1,0,0,1.0,11,5,6,1,7,
799,Taiwan Jones,BUF,32,,13,0,,,,,,,,,,,0.0,6,5,1,0,0,
800,Austin Larkin,CAR,25,,9,0,,,,,,,,,,,0.0,12,5,7,1,0,
801,Cameron Lewis,BUF,23,cb,5,2,,,,,,,,,,,0.0,7,5,2,0,0,
802,Aaron Lynch ,JAX,27,,8,0,0,0,0,0,1,,,,,,1.0,6,5,1,1,3,
803,Trey Marshall,DEN,24,,12,0,,,,,,,,,,,0.0,6,5,1,0,0,
804,Takkarist McKinley ,ATL,25,de,4,4,0,0,0,0,1,,,,,,1.0,8,5,3,1,7,
805,,,,,,,,,,,,,,,,,,,,,,,
806,Herb Miller,TAM,23,,4,0,1,2,0,2,1,,,,,,0.0,5,5,0,0,0,
807,Parnell Motley,2TM,23,,4,1,0,0,0,0,1,0,0,1,5,0,0.0,8,5,3,0,0,
808,Alexander Myres,DET,24,,1,0,0,0,0,0,1,,,,,,0.0,5,5,0,0,0,
809,Kareem Orr,TEN,23,,5,0,,,,,,0,0,1,8,0,0.0,7,5,2,0,0,
810,Steven Parker,DAL,25,,8,0,,,,,,,,,,,0.0,8,5,3,0,0,
811,Randy Ramsey,GNB,25,,12,0,,,,,,,,,,,0.0,11,5,6,0,0,
812,Derick Roberson,TEN,25,olb,8,1,0,0,0,0,1,1,0,0,0,0,0.0,9,5,4,0,2,
813,Isaiah Rodgers,IND,22,,13,0,,,,,,,,,,,0.0,7,5,2,0,0,
814,Jeremy Sprinkle,WAS,26,te,16,6,,,,,,,,,,,0.0,6,5,1,0,0,
815,Taylor Stallworth,IND,25,dt,16,1,,,,,,0,0,1,0,0,0.5,12,5,7,1,1,
816,Kentavius Street,SFO,24,de,15,2,,,,,,,,,,,0.0,11,5,6,1,0,
817,Kendal Vickers,LVR,25,dt,15,2,,,,,,,,,,,2.0,10,5,5,3,3,
818,Joe Walker,SFO,28,,12,0,,,,,,,,,,,0.0,6,5,1,0,0,
819,Tim Ward,KAN,23,de,1,1,,,,,,,,,,,1.0,5,5,0,1,2,
820,Josh Watson,DEN,24,,9,0,,,,,,,,,,,0.0,5,5,0,0,0,
821,Derek Watt,PIT,28,,12,0,,,,,,,,,,,0.0,8,5,3,1,0,1
822,Ken Webster,SFO,24,,9,0,,,,,,1,1,0,0,0,0.0,6,5,1,0,0,
823,Quincy Williams,JAX,24,,7,0,0,0,0,0,1,1,0,0,0,0,0.0,11,5,6,1,0,
824,Eddie Yarbrough,MIN,27,,4,0,,,,,,,,,,,0.0,8,5,3,0,1,
825,Jamal Agnew,DET,25,wr,14,2,,,,,,0,2,1,0,0,0.0,4,4,0,0,0,
826,Deandre Baker,KAN,23,,2,1,0,0,0,0,1,,,,,,1.0,5,4,1,1,1,
827,Mike Boone,MIN,25,,16,0,,,,,,1,0,0,0,0,0.0,5,4,1,0,0,
828,Daniel Brown,NYJ,28,wr,16,1,,,,,,,,,,,0.0,5,4,1,0,0,
829,Jamal Carter ,ATL,26,,1,0,,,,,,,,,,,0.0,5,4,1,0,0,
830,Blake Cashman,NYJ,24,ilb,4,1,,,,,,,,,,,0.0,6,4,2,0,0,
831,Taco Charlton ,KAN,26,,7,0,,,,,,1,0,0,0,0,2.0,7,4,3,1,4,
832,Corey Clement,PHI,26,,15,0,,,,,,,,,,,0.0,5,4,1,0,0,
833,Carlos Davis,PIT,24,,7,0,,,,,,,,,,,0.0,6,4,2,1,0,
834,Cody Davis ,NWE,31,,13,0,,,,,,,,,,,0.0,9,4,5,0,0,
835,Matt Dickerson,TEN,25,,10,0,,,,,,,,,,,0.0,10,4,6,0,1,
836,,,,,,,,,,,,,,,,,,,,,,,
837,Ashton Dulin,IND,23,,13,0,,,,,,0,1,0,0,0,0.0,7,4,3,0,0,
838,Emeke Egbule,LAC,24,,14,0,,,,,,,,,,,0.0,7,4,3,0,1,
839,Kaden Elliss,NOR,25,,15,0,,,,,,,,,,,0.0,5,4,1,0,0,
840,Luke Gifford,DAL,25,,8,0,,,,,,,,,,,0.0,6,4,2,0,0,
841,Cam Gill,TAM,23,,12,0,,,,,,,,,,,0.0,6,4,2,0,0,
842,Tyler Hall,ATL,22,,9,0,,,,,,,,,,,0.0,6,4,2,0,0,
843,Penny Hart,SEA,24,,13,0,,,,,,,,,,,0.0,5,4,1,0,0,
844,Frank Herron,DET,26,,4,0,0,0,0,0,1,,,,,,0.0,5,4,1,1,0,
845,J.P. Holtz,CHI,27,te,16,1,,,,,,,,,,,0.0,5,4,1,0,0,
846,Bruce Irvin,SEA,33,olb,2,2,,,,,,,,,,,0.0,5,4,1,1,3,
847,Abry Jones,JAX,29,dt,5,5,,,,,,,,,,,0.0,8,4,4,0,0,
848,Dallin Leavitt,LVR,26,,9,0,0,0,0,0,2,,,,,,0.0,10,4,6,0,0,
849,Anthony Levine,BAL,33,ss,15,1,,,,,,0,0,2,1,0,0.0,7,4,3,0,0,
850,Cameron Malveaux,CLE,26,,2,0,,,,,,1,0,0,0,0,0.0,4,4,0,0,0,
851,Braden Mann,NYJ,23,p,16,0,,,,,,,,,,,0.0,4,4,0,0,0,
852,Kahlil McKenzie,CIN,23,,7,0,,,,,,,,,,,0.0,8,4,4,1,0,
853,Tony McRae,DET,27,,8,0,,,,,,,,,,,0.0,4,4,0,0,0,
854,Doug Middleton,JAX,27,,10,0,,,,,,,,,,,0.0,9,4,5,0,0,
855,C.J. Moore,DET,25,,12,0,,,,,,,,,,,0.0,7,4,3,0,0,
856,Shaquille Quarterman,JAX,23,,12,0,,,,,,,,,,,0.0,6,4,2,0,0,
857,Daniel Ross,2TM,27,,5,0,,,,,,,,,,,0.0,8,4,4,1,0,
858,Cam Sims,WAS,24,wr,16,10,,,,,,0,0,1,0,0,0.0,4,4,0,0,0,
859,Tuzar Skipper,TEN,25,olb,4,2,,,,,,,,,,,0.0,5,4,1,0,0,
860,Chris Smith,LVR,28,,8,0,,,,,,,,,,,1.0,5,4,1,0,4,
861,Ryan Smith,TAM,27,,16,0,,,,,,,,,,,0.0,4,4,0,0,0,
862,Julian Stanford,CAR,30,,16,0,,,,,,,,,,,0.0,10,4,6,0,0,
863,Zeke Turner,ARI,24,,16,0,,,,,,,,,,,0.0,14,4,10,0,0,
864,Derrek Tuszka,DEN,24,,9,0,,,,,,,,,,,0.0,6,4,2,1,0,
865,Justin Watson,TAM,24,wr,11,2,,,,,,,,,,,1.0,7,4,3,1,1,
866,Jace Whittaker,ARI,25,,4,0,,,,,,,,,,,0.0,4,4,0,0,0,
867,,,,,,,,,,,,,,,,,,,,,,,
868,Sylvester Williams,DEN,32,,8,0,0,0,0,0,2,,,,,,0.0,9,4,5,0,0,
869,Oshane Ximines,NYG,24,olb,4,3,,,,,,,,,,,0.0,5,4,1,1,3,
870,Brian Allen,SFO,27,cb,1,1,,,,,,,,,,,0.0,3,3,0,0,0,
871,Stephen Anderson,LAC,27,te,16,3,,,,,,,,,,,0.0,5,3,2,0,0,
872,Eli Apple,CAR,25,,2,0,,,,,,,,,,,0.0,4,3,1,0,0,
873,Vic Beasley,2TM,28,,10,0,,,,,,1,0,0,0,0,0.0,4,3,1,1,0,
874,Nick Bosa,SFO,23,de,2,2,,,,,,1,0,0,0,0,0.0,6,3,3,0,1,
875,James Burgess,GNB,26,,4,0,,,,,,,,,,,0.0,3,3,0,0,0,
876,Jason Cabinda,DET,24,mlb,16,2,,,,,,,,,,,0.0,7,3,4,0,0,
877,Austin Calitro,DEN,26,,13,0,,,,,,,,,,,0.0,3,3,0,0,0,
878,Derek Carrier,LVR,30,,16,0,,,,,,,,,,,0.0,7,3,4,0,0,
879,Dylan Cole,HOU,26,,6,0,,,,,,,,,,,0.0,6,3,3,0,0,
880,Nathan Cottrell,JAX,24,,8,0,,,,,,,,,,,0.0,5,3,2,0,0,
881,Blake Countess,PHI,27,,2,0,,,,,,,,,,,0.0,3,3,0,0,0,
882,Carl Davis,NWE,28,nt,3,1,,,,,,,,,,,0.0,3,3,0,1,0,
883,Jalen Davis,CIN,24,,6,0,,,,,,,,,,,0.0,4,3,1,0,0,
884,Ulysees Gilbert,PIT,23,,4,0,,,,,,,,,,,0.0,5,3,2,0,0,
885,Marcus Gilchrist,BAL,32,,2,0,,,,,,,,,,,0.0,3,3,0,0,0,
886,Ryan Griffin,NYJ,30,te,15,6,,,,,,,,,,,0.0,5,3,2,0,0,
887,Justin Hamilton,DAL,27,dt,10,2,,,,,,,,,,,0.0,10,3,7,0,1,
888,Damon Harrison,2TM,32,,7,0,,,,,,1,0,0,0,0,0.0,9,3,6,0,0,
889,Thomas Hennessy,NYJ,26,,16,0,,,,,,,,,,,0.0,5,3,2,0,0,
890,Brian Hill,ATL,25,rb,16,1,,,,,,0,2,1,0,0,0.0,4,3,1,0,0,
891,Travis Homer,SEA,22,,9,0,,,,,,,,,,,0.0,3,3,0,0,0,
892,Leon Jacobs,JAX,25,olb,3,2,,,,,,,,,,,0.0,3,3,0,1,0,
893,Malik Jefferson,LAC,24,,13,0,,,,,,,,,,,0.0,5,3,2,0,0,
894,Danny Johnson,WAS,25,,14,0,,,,,,,,,,,0.0,4,3,1,0,0,
895,Jaquan Johnson,BUF,25,,14,0,,,,,,,,,,,0.0,4,3,1,0,0,
896,Terrell Lewis,LAR,22,,8,0,,,,,,,,,,,2.0,5,3,2,2,4,
897,Ty Long,LAC,27,p,16,0,,,,,,,,,,,0.0,4,3,1,0,0,
898,,,,,,,,,,,,,,,,,,,,,,,
899,John Lovett,GNB,24,,8,0,,,,,,,,,,,0.0,4,3,1,0,0,
900,Justin March-Lillard,DAL,27,,12,0,,,,,,,,,,,0.0,4,3,1,0,0,
901,Josh Mauro,ARI,29,,3,2,,,,,,,,,,,1.0,5,3,2,1,1,
902,Daniel McCullers,CHI,28,,3,0,,,,,,,,,,,0.0,8,3,5,0,0,
903,T.Y. McGill,PHI,28,,7,0,,,,,,,,,,,0.5,9,3,6,1,3,
904,Christopher Milton,TEN,28,,14,0,,,,,,,,,,,0.0,3,3,0,0,0,
905,Henry Mondeaux,PIT,25,,11,0,,,,,,,,,,,0.0,5,3,2,1,2,
906,Bryan Mone,SEA,25,,10,0,,,,,,,,,,,0.5,9,3,6,1,2,1
907,Gabe Nabers,LAC,23,rb,16,5,,,,,,0,0,1,0,0,0.0,5,3,2,0,0,
908,Ryan Nall,CHI,25,,16,0,,,,,,,,,,,0.0,4,3,1,0,0,
909,Jared Norris ,WAS,27,,11,0,,,,,,,,,,,0.0,3,3,0,0,0,
910,Pat O'Connor,TAM,27,,16,0,,,,,,,,,,,1.0,4,3,1,1,1,
911,Alec Ogletree,NYJ,29,,2,1,,,,,,,,,,,0.0,3,3,0,3,0,
912,Cordarrelle Patterson*+,CHI,29,wr,16,3,,,,,,0,0,1,0,0,0.0,4,3,1,0,0,
913,Kevin Peterson,ARI,26,cb,12,1,0,0,0,0,1,0,0,1,0,0,0.0,6,3,3,0,0,
914,Dontari Poe,DAL,30,,7,7,,,,,,,,,,,0.0,7,3,4,0,0,
915,Jachai Polite,LAR,23,,11,0,,,,,,,,,,,1.0,4,3,1,1,1,
916,Brooks Reed,TEN,33,,2,1,,,,,,,,,,,1.0,4,3,1,1,1,
917,Caraun Reid,JAX,29,,7,0,,,,,,,,,,,0.0,5,3,2,0,0,
918,Luke Rhodes,IND,28,,16,0,,,,,,,,,,,0.0,3,3,0,0,0,
919,Jordan Richards,BAL,27,,16,0,,,,,,,,,,,0.0,4,3,1,0,0,
920,Amik Robertson,LVR,22,,8,0,,,,,,,,,,,0.0,4,3,1,0,0,
921,Stanford Samuels,GNB,21,,2,0,,,,,,,,,,,0.0,3,3,0,0,0,
922,Khalen Saunders,KAN,24,dt,3,1,,,,,,,,,,,0.0,3,3,0,0,0,
923,Kawann Short,CAR,31,dt,3,3,,,,,,,,,,,0.0,6,3,3,0,1,
924,Matthew Slater*,NWE,35,,16,0,,,,,,,,,,,0.0,7,3,4,0,0,
925,Benny Snell Jr.,PIT,22,rb,16,3,,,,,,0,2,2,0,0,0.0,5,3,2,0,0,
926,Akeem Spence,NWE,29,,6,0,,,,,,,,,,,0.0,9,3,6,0,0,
927,Linden Stephens,SEA,25,,13,0,,,,,,,,,,,0.0,3,3,0,0,0,
928,Levine Toilolo,NYG,29,te,16,2,,,,,,0,0,1,0,0,0.0,3,3,0,0,0,
929,,,,,,,,,,,,,,,,,,,,,,,
930,Kemoko Turay,IND,25,,7,0,,,,,,,,,,,1.0,4,3,1,1,3,
931,Jonathan Ward,ARI,23,,14,0,,,,,,,,,,,0.0,7,3,4,0,0,
932,Kristian Welch,BAL,22,,10,0,,,,,,,,,,,0.0,5,3,2,0,0,
933,Nick Westbrook-Ikhine,TEN,23,wr,14,1,,,,,,,,,,,0.0,3,3,0,0,0,
934,Javin White,LVR,23,,4,0,,,,,,,,,,,0.0,4,3,1,1,0,
935,Raequan Williams,PHI,23,,6,0,,,,,,,,,,,1.0,5,3,2,1,1,
936,Mitch Wishnowsky,SFO,28,p,16,0,,,,,,,,,,,0.0,4,3,1,0,0,
937,Chris Wormley,PIT,27,de,13,1,,,,,,,,,,,1.0,8,3,5,1,3,
938,Jabari Zuniga,NYJ,23,,8,0,,,,,,,,,,,0.0,5,3,2,0,0,
939,Ameer Abdullah,MIN,27,,16,0,,,,,,,,,,,0.0,2,2,0,0,0,
940,Josh Adams,NYJ,24,,8,0,,,,,,,,,,,0.0,3,2,1,0,0,
941,McTelvin Agim ,DEN,23,,10,0,0,0,0,0,1,,,,,,0.0,8,2,6,0,0,
942,Ben Banogu,IND,24,,9,0,,,,,,,,,,,0.0,6,2,4,0,0,
943,Chad Beebe,MIN,26,,14,0,,,,,,0,2,0,0,0,0.0,2,2,0,0,0,
944,LeVante Bellamy,DEN,24,,5,0,,,,,,,,,,,0.0,2,2,0,0,0,
945,Francis Bernard,DAL,25,,13,0,,,,,,,,,,,0.0,6,2,4,0,0,
946,Christian Blake,ATL,24,,16,0,,,,,,,,,,,0.0,3,2,1,0,0,
947,Khari Blasingame,TEN,24,fb,15,7,,,,,,,,,,,0.0,3,2,1,0,0,
948,Jacob Bobenmoyer,DEN,23,,16,0,,,,,,0,0,1,0,0,0.0,3,2,1,0,0,
949,Miles Boykin,BAL,24,WR,16,13,,,,,,,,,,,0.0,2,2,0,0,0,
950,Jordan Brailford,MIN,25,,5,0,,,,,,1,0,1,0,0,0.0,2,2,0,0,1,
951,Pharaoh Brown,HOU,26,te,13,9,,,,,,,,,,,0.0,2,2,0,0,0,
952,T.J. Brunson ,NYG,23,,5,0,,,,,,,,,,,0.0,3,2,1,0,0,
953,Jonathan Bullard,SEA,27,,6,0,,,,,,,,,,,0.0,8,2,6,0,2,
954,Deante Burton,DAL,26,,4,0,,,,,,,,,,,0.0,3,2,1,0,0,
955,Chase Claypool ,PIT,22,wr,16,6,,,,,,0,3,1,0,0,0.0,6,2,4,0,0,
956,Tyler Conklin,MIN,25,te,16,2,,,,,,0,1,0,0,0,0.0,2,2,0,0,0,
957,Xavier Crawford,CHI,25,,3,0,,,,,,,,,,,0.0,4,2,2,0,0,
958,Dominique Dafney,GNB,23,te,5,2,,,,,,,,,,,0.0,2,2,0,0,0,
959,Darrion Daniels,SFO,23,,4,0,,,,,,,,,,,0.0,4,2,2,0,0,
960,,,,,,,,,,,,,,,,,,,,,,,
961,Marlon Davidson ,ATL,22,,8,0,0,0,0,0,1,,,,,,0.0,8,2,6,0,0,
962,Duke Dawson,DEN,25,cb,12,1,,,,,,,,,,,0.0,8,2,6,0,0,
963,Khalil Dorsey,BAL,22,,6,0,,,,,,,,,,,0.0,2,2,0,0,0,
964,Ross Dwelley,SFO,25,te,16,9,,,,,,,,,,,0.0,2,2,0,0,0,
965,Reid Ferguson,BUF,26,,16,0,,,,,,,,,,,0.0,2,2,0,0,0,
966,Mark Fields II,2TM,24,,4,0,,,,,,,,,,,0.0,2,2,0,0,0,
967,Royce Freeman,DEN,24,,16,0,,,,,,,,,,,0.0,2,2,0,0,0,
968,Jonathan Garvin,GNB,21,,8,0,,,,,,,,,,,0.0,5,2,3,0,0,
969,Reggie Gilliam,BUF,23,,14,0,,,,,,1,0,0,0,0,0.0,2,2,0,0,0,
970,Ryan Glasgow,NOR,27,,2,0,,,,,,,,,,,0.0,3,2,1,0,0,
971,Woodrow Hamilton,CAR,28,,5,0,,,,,,0,0,1,0,0,0.0,3,2,1,0,0,
972,Demetrius Harris,CHI,29,te,15,5,,,,,,1,0,0,0,0,0.0,3,2,1,0,0,
973,Jamycal Hasty,SFO,24,,8,0,,,,,,0,1,0,0,0,0.0,2,2,0,0,0,
974,Tae Hayes,2TM,23,,3,0,,,,,,,,,,,0.0,3,2,1,0,0,
975,Nate Holley,MIA,26,,3,0,,,,,,,,,,,0.0,3,2,1,0,0,
976,Buddy Howell ,HOU,24,,14,0,,,,,,,,,,,0.0,2,2,0,0,0,
977,David Irving ,LVR,27,,2,0,,,,,,,,,,,0.0,4,2,2,0,0,
978,Joe Jackson,CLE,24,,3,0,,,,,,0,0,1,0,0,0.0,5,2,3,0,0,
979,Craig James,PHI,24,,4,0,,,,,,0,0,1,0,0,0.0,2,2,0,0,0,
980,Datone Jones,LVR,30,,1,0,,,,,,,,,,,0.0,2,2,0,0,0,
981,Xavier Jones,LAR,23,,13,0,,,,,,,,,,,0.0,3,2,1,0,0,
982,Nick Keizer,KAN,25,te,16,3,,,,,,0,1,0,0,0,0.0,4,2,2,0,0,
983,Marcus Kemp,2TM,25,,11,0,,,,,,,,,,,0.0,3,2,1,0,0,
984,Jordan Kunaszyk,WAS,24,,6,0,,,,,,,,,,,0.0,3,2,1,0,0,
985,Niko Lalos,NYG,23,,6,0,1,0,0,0,1,0,0,1,0,0,0.0,6,2,4,0,0,
986,Jeremiah Ledbetter,TAM,26,,3,0,,,,,,,,,,,1.0,3,2,1,1,2,
987,Corey Liuget,HOU,30,,6,1,,,,,,,,,,,1.0,4,2,2,2,2,
988,P.J. Locke,DEN,23,,15,0,,,,,,,,,,,0.0,3,2,1,0,0,
989,Mike Love,BUF,26,,1,0,,,,,,,,,,,0.0,2,2,0,1,0,
990,James Lynch,MIN,21,,9,0,,,,,,,,,,,1.0,3,2,1,1,1,
991,,,,,,,,,,,,,,,,,,,,,,,
992,Jaydon Mickens,TAM,26,,10,0,,,,,,,,,,,0.0,2,2,0,0,0,
993,Bruce Miller,JAX,33,,8,5,,,,,,1,0,0,0,0,0.0,2,2,0,0,0,
994,Chris Moore,BAL,27,,3,0,,,,,,,,,,,0.0,2,2,0,0,0,
995,Johnny Mundt,LAR,26,te,16,1,,,,,,,,,,,0.0,3,2,1,0,0,
996,K.J. Osborn,MIN,23,,9,0,,,,,,0,2,1,0,0,0.0,3,2,1,0,0,
997,Natrez Patrick,LAR,23,,13,0,,,,,,,,,,,0.0,3,2,1,0,0,
998,Elijhaa Penny,NYG,27,,14,0,,,,,,,,,,,0.0,7,2,5,0,0,
999,Samaje Perine,CIN,25,rb,16,1,,,,,,,,,,,0.0,3,2,1,0,0,
1000,Senorise Perry ,TEN,29,,7,0,,,,,,,,,,,0.0,3,2,1,0,0,
1001,Byron Pringle,KAN,27,wr,13,3,,,,,,,,,,,0.0,2,2,0,0,0,
1002,Kevin Rader,PIT,25,te,1,1,,,,,,,,,,,0.0,3,2,1,0,0,
1003,Wyatt Ray,TEN,24,de,4,1,,,,,,,,,,,1.0,2,2,0,1,1,
1004,Derek Rivers,2TM,26,,13,0,,,,,,,,,,,1.5,5,2,3,2,4,
1005,Deadrin Senat,ATL,26,,5,0,,,,,,0,0,1,0,0,0.0,4,2,2,0,0,
1006,Joey Slye,CAR,24,k,16,0,,,,,,,,,,,0.0,2,2,0,0,0,
1007,Tanzel Smart,NYJ,26,,3,0,,,,,,,,,,,0.0,3,2,1,0,0,
1008,Keith Smith,ATL,28,fb,16,7,,,,,,0,0,1,0,0,0.0,8,2,6,0,0,
1009,Rashad Smith,PHI,23,,2,0,,,,,,,,,,,0.0,3,2,1,0,0,
1010,Saivion Smith,DAL,23,db,6,1,,,,,,,,,,,0.0,3,2,1,0,0,
1011,Tremon Smith,IND,24,,10,0,,,,,,,,,,,0.0,2,2,0,0,0,
1012,Freddie Swain,SEA,22,wr,16,1,,,,,,0,0,2,0,0,0.0,2,2,0,0,0,
1013,Cordrea Tankersley,MIN,27,cb,2,1,,,,,,,,,,,0.0,2,2,0,0,0,
1014,Teair Tart,TEN,23,dt,7,1,0,0,0,0,1,,,,,,0.0,5,2,3,1,2,
1015,Pita Taumoepenu,ATL,26,,1,0,,,,,,,,,,,0.0,2,2,0,0,0,
1016,Malik Taylor,GNB,25,wr,15,1,,,,,,,,,,,0.0,3,2,1,0,0,
1017,Darwin Thompson,KAN,23,rb,14,1,,,,,,0,2,1,0,0,0.0,2,2,0,0,0,
1018,Kevin Toliver,DEN,25,,2,0,,,,,,,,,,,0.0,3,2,1,0,0,
1019,Zach Triner,TAM,29,,16,0,,,,,,,,,,,0.0,2,2,0,0,0,
1020,Dwayne Washington,NOR,26,,11,0,,,,,,,,,,,0.0,2,2,0,0,0,
1021,Jordan Wilkins,IND,26,,15,0,,,,,,,,,,,0.0,2,2,0,0,0,
1022,,,,,,,,,,,,,,,,,,,,,,,
1023,Jamaal Williams,GNB,25,rb,14,3,,,,,,,,,,,0.0,2,2,0,0,0,
1024,Trevor Williams,PHI,27,,2,0,0,0,0,0,1,,,,,,0.0,3,2,1,0,0,
1025,James Winchester,KAN,31,,16,0,,,,,,,,,,,0.0,3,2,1,0,0,
1026,Robert Windsor,IND,23,,2,0,,,,,,,,,,,0.0,2,2,0,0,0,
1027,Billy Winn,GNB,31,,6,0,0,0,0,0,2,,,,,,0.0,6,2,4,0,0,
1028,Tavon Young,BAL,26,,2,0,,,,,,,,,,,0.0,2,2,0,0,0,
1029,Olamide Zaccheaus,ATL,23,wr,11,2,,,,,,,,,,,0.0,2,2,0,0,0,
1030,Andrew Adams,TAM,28,,16,0,,,,,,,,,,,0.0,2,1,1,0,0,
1031,Matthew Adams,IND,25,,9,0,,,,,,,,,,,0.0,2,1,1,0,0,
1032,Freedom Akinmoladun,CIN,24,,2,0,,,,,,,,,,,0.0,2,1,1,0,0,
1033,Bryan Anger,HOU,32,p,16,0,,,,,,,,,,,0.0,1,1,0,0,0,
1034,Eli Ankou,DAL,26,,7,0,,,,,,,,,,,0.0,5,1,4,0,0,
1035,Geno Atkins,CIN,32,,8,0,,,,,,,,,,,0.0,1,1,0,0,1,
1036,Joe Bachie,PHI,22,,4,0,,,,,,,,,,,0.0,2,1,1,0,0,
1037,Jake Bailey*+,NWE,23,p,16,0,,,,,,,,,,,0.0,2,1,1,0,0,
1038,Markus Bailey,CIN,23,,11,0,0,0,0,0,1,,,,,,0.0,1,1,0,0,0,
1039,Kenjon Barner,TAM,31,,6,0,,,,,,,,,,,0.0,1,1,0,0,0,
1040,Tyler Bass,BUF,23,k,16,0,,,,,,,,,,,0.0,1,1,0,0,0,
1041,Rashod Berry,NWE,24,,3,0,,,,,,,,,,,0.0,1,1,0,0,0,
1042,Joel Bitonio*,CLE,29,G,16,16,,,,,,,,,,,0.0,1,1,0,0,0,
1043,C.J. Board,NYG,27,wr,14,4,,,,,,,,,,,0.0,2,1,1,0,0,
1044,Corey Bojorquez,BUF,24,p,16,0,,,,,,,,,,,0.0,1,1,0,0,0,
1045,Reggie Bonnafon,CAR,24,,2,0,,,,,,,,,,,0.0,1,1,0,0,0,
1046,Devontae Booker,LVR,28,rb,16,1,,,,,,0,1,1,0,0,0.0,2,1,1,0,0,
1047,Matt Breida,MIA,25,rb,12,1,,,,,,0,2,1,0,0,0.0,2,1,1,0,0,
1048,Antoine Brooks Jr.,PIT,22,,4,0,,,,,,,,,,,0.0,2,1,1,0,0,
1049,Andrew Brown,2TM,25,,7,0,,,,,,,,,,,1.0,3,1,2,1,1,
1050,Malcolm Brown ,LAR,27,,16,0,,,,,,0,1,0,0,0,0.0,1,1,0,0,0,
1051,Noah Brown,DAL,24,wr,16,1,,,,,,,,,,,0.0,2,1,1,0,0,
1052,Brandin Bryant,BUF,27,,1,0,,,,,,,,,,,0.0,1,1,0,0,0,
1053,,,,,,,,,,,,,,,,,,,,,,,
1054,Michael Burton,NOR,28,fb,15,4,,,,,,,,,,,0.0,1,1,0,0,0,
1055,Trey Burton,IND,29,te,13,4,,,,,,,,,,,0.0,2,1,1,0,0,
1056,Harrison Butker,KAN,25,k,16,0,,,,,,,,,,,0.0,1,1,0,0,0,
1057,Jake Butt,DEN,25,te,5,1,,,,,,,,,,,0.0,1,1,0,0,0,
1058,Marquez Callaway,NOR,22,wr,11,3,,,,,,0,0,2,0,0,0.0,1,1,0,0,0,
1059,Kameron Canaday,PIT,27,,16,0,,,,,,,,,,,0.0,2,1,1,0,0,
1060,Brandon Carr,DAL,34,,3,0,,,,,,,,,,,0.0,1,1,0,0,0,
1061,Quintez Cephus,DET,22,wr,13,2,,,,,,,,,,,0.0,1,1,0,0,0,
1062,Sean Chandler,NYG,24,,3,0,,,,,,,,,,,0.0,1,1,0,0,0,
1063,Anthony Chesley,HOU,24,,3,0,,,,,,,,,,,0.0,1,1,0,0,0,
1064,Cole Christiansen,LAC,23,,4,0,,,,,,,,,,,0.0,2,1,1,0,0,
1065,Jack Cichy,TAM,25,,6,0,,,,,,,,,,,0.0,2,1,1,0,0,
1066,Tyrie Cleveland,DEN,23,,10,0,,,,,,,,,,,0.0,2,1,1,0,0,
1067,Kameron Cline,IND,22,,1,0,,,,,,,,,,,0.0,2,1,1,0,0,
1068,Omari Cobb,KAN,23,,1,0,,,,,,,,,,,0.0,1,1,0,0,0,
1069,Matt Cole,SFO,24,,1,0,,,,,,,,,,,0.0,2,1,1,0,0,
1070,Tevin Coleman,SFO,27,rb,8,1,,,,,,,,,,,0.0,1,1,0,0,0,
1071,Logan Cooke,JAX,25,p,14,0,,,,,,,,,,,0.0,1,1,0,0,0,
1072,Marquise Copeland,LAR,23,,1,0,,,,,,,,,,,0.0,1,1,0,0,0,
1073,Bryan Cox Jr.,BUF,26,,1,0,,,,,,,,,,,0.0,1,1,0,0,0,
1074,Jeremy Cox,DEN,24,rb,7,1,,,,,,,,,,,0.0,3,1,2,0,0,
1075,Morgan Cox*+,BAL,34,,15,0,,,,,,,,,,,0.0,2,1,1,0,0,
1076,River Cracraft,SFO,26,wr,9,1,,,,,,,,,,,0.0,1,1,0,0,0,
1077,Ken Crawley,NOR,27,,6,0,1,-1,0,-1,1,0,1,1,0,0,0.0,1,1,0,0,0,
1078,Mason Crosby,GNB,36,k,16,0,,,,,,,,,,,0.0,1,1,0,0,0,
1079,Austin Cutting ,MIN,24,,9,0,,,,,,,,,,,0.0,1,1,0,0,0,
1080,Johnathan Cyprien,SFO,30,,4,0,,,,,,1,0,0,0,0,0.0,2,1,1,0,0,
1081,DeeJay Dallas,SEA,22,rb,12,2,,,,,,,,,,,0.0,2,1,1,0,0,
1082,Darrell Daniels,ARI,26,te,12,8,,,,,,1,0,0,0,0,0.0,1,1,0,0,0,
1083,Khalil Davis,TAM,24,,2,0,,,,,,,,,,,0.0,2,1,1,0,2,
1084,,,,,,,,,,,,,,,,,,,,,,,
1085,Noah Dawkins,NYJ,23,,5,0,,,,,,,,,,,0.0,1,1,0,0,0,
1086,Sheldon Day,IND,26,,4,0,0,0,0,0,1,,,,,,0.0,2,1,1,0,0,
1087,Andrew DePaola,MIN,33,,7,0,,,,,,0,0,1,0,0,0.0,1,1,0,0,0,
1088,Seth Devalve,ARI,27,,4,0,,,,,,0,0,1,0,0,0.0,1,1,0,0,0,
1089,Michael Dickson,SEA,24,p,16,0,,,,,,,,,,,0.0,1,1,0,0,0,
1090,Michael Dogbe,ARI,24,,3,0,,,,,,,,,,,1.0,1,1,0,1,1,
1091,Jamil Douglas,TEN,28,,14,0,,,,,,0,1,0,-20,0,0.0,1,1,0,0,0,
1092,Rico Dowdle,DAL,22,,15,0,,,,,,,,,,,0.0,4,1,3,0,0,
1093,Jake Elliott,PHI,25,k,16,0,,,,,,,,,,,0.0,1,1,0,0,0,
1094,Kyle Emanuel,2TM,29,,8,0,,,,,,,,,,,0.0,3,1,2,0,0,
1095,Darrynton Evans ,TEN,22,,5,0,,,,,,,,,,,0.0,1,1,0,0,0,
1096,Blake Ferguson ,MIA,23,,16,0,,,,,,,,,,,0.0,2,1,1,0,0,
1097,Kai Forbath,LAR,33,,2,0,,,,,,,,,,,0.0,1,1,0,0,0,
1098,Dee Ford,SFO,29,,1,0,,,,,,,,,,,0.0,3,1,2,0,0,
1099,D.J. Foster ,ARI,27,,10,0,,,,,,,,,,,0.0,3,1,2,0,0,
1100,Bennie Fowler,NOR,29,,5,0,,,,,,0,0,1,0,0,0.0,1,1,0,0,0,
1101,Jack Fox*,DET,24,p,16,0,,,,,,0,0,1,0,0,0.0,1,1,0,0,0,
1102,Trevis Gipson,CHI,23,,7,0,,,,,,,,,,,0.0,5,1,4,0,3,
1103,Stephen Gostkowski,TEN,36,k,15,0,,,,,,,,,,,0.0,1,1,0,0,0,
1104,Jaeden Graham,ATL,25,,16,0,,,,,,,,,,,0.0,3,1,2,0,0,
1105,Jalen Guyton,LAC,23,wr,16,9,,,,,,0,0,1,0,0,0.0,1,1,0,0,0,
1106,Marvin Hall,2TM,27,,12,6,,,,,,,,,,,0.0,1,1,0,0,0,
1107,Clark Harris,CIN,36,,16,0,,,,,,,,,,,0.0,1,1,0,0,0,
1108,Demone Harris,KAN,25,,1,0,,,,,,,,,,,0.0,3,1,2,0,0,
1109,Trent Harris,NYG,25,olb,4,2,,,,,,,,,,,0.5,5,1,4,0,1,
1110,J.T. Hassell,NYJ,25,,3,0,,,,,,,,,,,0.0,1,1,0,0,0,
1111,Dontrell Hilliard,2TM,25,,7,0,,,,,,,,,,,0.0,1,1,0,0,0,
1112,KhaDarel Hodge,CLE,25,,9,0,,,,,,,,,,,0.0,1,1,0,0,0,
1113,Mack Hollins,MIA,27,wr,16,2,,,,,,0,1,0,0,0,0.0,3,1,2,0,0,
1114,Dustin Hopkins ,WAS,30,k,16,0,,,,,,,,,,,0.0,1,1,0,0,0,
1115,,,,,,,,,,,,,,,,,,,,,,,
1116,Juju Hughes,LAR,22,,12,0,,,,,,,,,,,0.0,3,1,2,0,0,
1117,Charley Hughlett,CLE,30,,16,0,,,,,,,,,,,0.0,1,1,0,0,0,
1118,Alec Ingold,LVR,24,fb,16,4,,,,,,0,0,1,0,0,0.0,1,1,0,0,0,
1119,Bennett Jackson,NYJ,29,,4,0,,,,,,,,,,,0.0,1,1,0,0,0,
1120,Justin Jackson ,LAC,24,rb,9,4,,,,,,,,,,,0.0,3,1,2,0,0,
1121,Michael Jackson,NWE,23,,1,0,,,,,,,,,,,0.0,1,1,0,0,0,
1122,Andy Janovich,CLE,27,fb,14,3,,,,,,,,,,,0.0,3,1,2,0,0,
1123,Marcus Johnson,IND,26,,11,3,,,,,,1,0,0,0,0,0.0,1,1,0,0,0,
1124,Benito Jones,MIA,23,,6,0,,,,,,,,,,,0.0,2,1,1,1,0,
1125,Joseph Jones,DEN,26,,14,0,,,,,,,,,,,0.0,3,1,2,0,0,
1126,Joshua Kelley,LAC,23,,14,0,,,,,,0,2,0,0,0,0.0,1,1,0,0,0,
1127,Casey Kreiter,NYG,30,,16,0,,,,,,,,,,,0.0,1,1,0,0,0,
1128,Patrick Laird,MIA,25,,16,0,,,,,,0,1,0,0,0,0.0,1,1,0,0,0,
1129,Devaroe Lawrence,WAS,28,,1,0,,,,,,,,,,,0.0,1,1,0,0,0,
1130,Darron Lee ,BUF,26,,2,0,,,,,,,,,,,0.0,1,1,0,0,0,
1131,Jessie Lemonier,LAC,23,,6,0,,,,,,,,,,,0.0,2,1,1,0,2,
1132,Rick Lovato,PHI,28,,16,0,,,,,,,,,,,0.0,6,1,5,0,0,
1133,Dylan Mabin,2TM,23,,4,0,,,,,,,,,,,0.0,2,1,1,0,0,
1134,Isaiah Mack,2TM,24,,8,0,,,,,,,,,,,0.0,3,1,2,0,1,
1135,Ross Matiscik,JAX,24,,16,0,,,,,,,,,,,0.0,2,1,1,0,0,
1136,Jared Mayden,SFO,22,,2,0,,,,,,,,,,,0.0,1,1,0,0,0,
1137,Cole Mazza,LAC,25,,16,0,,,,,,,,,,,0.0,4,1,3,0,0,
1138,Ray-Ray McCloud,PIT,24,wr,16,2,,,,,,0,2,0,0,0,0.0,1,1,0,0,0,
1139,Brandon McManus,DEN,29,k,15,0,,,,,,,,,,,0.0,1,1,0,0,0,
1140,Jordan Miller,ATL,23,,1,0,,,,,,,,,,,0.0,1,1,0,0,0,
1141,Steven Mitchell,HOU,26,wr,6,1,,,,,,,,,,,0.0,1,1,0,0,0,
1142,Stanley Morgan Jr.,CIN,24,,6,0,,,,,,,,,,,0.0,3,1,2,0,0,
1143,Larrell Murchison,TEN,23,,10,0,,,,,,,,,,,0.0,5,1,4,1,0,
1144,Netane Muti,DEN,21,g,4,1,,,,,,,,,,,0.0,1,1,0,0,0,
1145,Jason Myers,SEA,29,k,16,0,,,,,,,,,,,0.0,2,1,1,0,0,
1146,,,,,,,,,,,,,,,,,,,,,,,
1147,Kai Nacua,SFO,25,,5,0,,,,,,,,,,,0.0,1,1,0,0,0,
1148,Kyle Nelson,SFO,34,,3,0,,,,,,,,,,,0.0,1,1,0,0,0,
1149,Mark Nzeocha,SFO,30,,5,0,,,,,,,,,,,0.0,1,1,0,0,0,
1150,Julian Okwara ,DET,23,,6,0,,,,,,,,,,,0.0,3,1,2,1,0,
1151,Gunner Olszewski+,NWE,24,wr,13,2,,,,,,0,1,1,0,0,0.0,2,1,1,0,0,
1152,Joe Ostman,PHI,25,,3,0,,,,,,,,,,,0.0,1,1,0,0,0,
1153,Devine Ozigbo,JAX,24,,8,0,,,,,,,,,,,0.0,2,1,1,0,0,
1154,Taybor Pepper,SFO,26,,12,0,,,,,,,,,,,0.0,2,1,1,0,0,
1155,Artavis Pierce,CHI,24,,5,0,,,,,,,,,,,0.0,2,1,1,0,0,
1156,Bradley Pinion,TAM,26,p,16,0,,,,,,,,,,,0.0,1,1,0,0,0,
1157,Tony Pollard,DAL,23,rb,16,2,,,,,,,,,,,0.0,1,1,0,0,0,
1158,Brandon Powell,ATL,25,wr,15,1,,,,,,0,2,0,0,0,0.0,1,1,0,0,0,
1159,Bobby Price,DET,22,,2,0,,,,,,,,,,,0.0,1,1,0,0,0,
1160,Justin Pugh,ARI,30,G,15,15,,,,,,,,,,,0.0,1,1,0,0,0,
1161,Damarious Randall,SEA,28,,10,0,,,,,,,,,,,0.0,3,1,2,0,0,
1162,Kalif Raymond,TEN,26,wr,15,3,,,,,,,,,,,0.0,2,1,1,0,0,
1163,Joe Reed,LAC,22,,11,0,,,,,,0,0,1,0,0,0.0,3,1,2,0,0,
1164,Hunter Renfrow,LVR,25,wr,16,6,,,,,,0,2,0,0,0,0.0,1,1,0,0,0,
1165,Reggie Robinson II,DAL,23,,5,0,,,,,,1,0,0,0,0,0.0,1,1,0,0,0,
1166,Anthony Rush,2TM,24,,5,0,,,,,,,,,,,0.5,5,1,4,0,1,
1167,Jaylen Samuels,PIT,24,rb,14,1,,,,,,,,,,,0.0,1,1,0,0,0,
1168,Cairo Santos,CHI,29,k,16,0,,,,,,,,,,,0.0,1,1,0,0,0,
1169,Eric Saubert,JAX,26,te,8,4,,,,,,,,,,,0.0,2,1,1,0,0,
1170,Patrick Scales,CHI,32,,16,0,,,,,,,,,,,0.0,1,1,0,0,0,
1171,Mason Schreck,CIN,27,te,14,1,,,,,,,,,,,0.0,1,1,0,0,0,
1172,Anthony Sherman,KAN,32,rb,13,1,,,,,,,,,,,0.0,1,1,0,0,0,
1173,Irv Smith Jr.,MIN,22,te,13,7,,,,,,,,,,,0.0,1,1,0,0,0,
1174,Vyncint Smith,NYJ,24,,7,0,,,,,,,,,,,0.0,3,1,2,0,0,
1175,Equanimeous St. Brown,GNB,24,wr,12,1,,,,,,,,,,,0.0,1,1,0,0,0,
1176,Luke Stocker,ATL,32,TE,16,13,,,,,,,,,,,0.0,2,1,1,0,0,
1177,,,,,,,,,,,,,,,,,,,,,,,
1178,Jason Strowbridge,MIA,24,,8,0,,,,,,,,,,,0.0,3,1,2,1,0,
1179,Nick Sundberg,WAS,33,,16,0,,,,,,,,,,,0.0,1,1,0,0,0,
1180,Josh Thomas,BUF,24,,2,0,,,,,,,,,,,0.0,1,1,0,0,0,
1181,Mike Thomas,CIN,26,,14,0,,,,,,0,1,0,0,0,0.0,1,1,0,0,0,
1182,Neiko Thorpe,SEA,30,,3,0,,,,,,,,,,,0.0,1,1,0,0,0,
1183,Eric Tomlinson,2TM,28,,7,2,,,,,,,,,,,0.0,1,1,0,0,0,
1184,Drue Tranquill,LAC,25,ilb,1,1,,,,,,,,,,,0.0,1,1,0,0,0,
1185,Adam Trautman ,NOR,23,te,15,6,,,,,,,,,,,0.0,1,1,0,0,0,
1186,Justin Tucker*,BAL,31,k,16,0,,,,,,,,,,,0.0,1,1,0,0,0,
1187,Malik Turner,DAL,24,,6,0,,,,,,,,,,,0.0,1,1,0,0,0,
1188,Greg Van Roten,NYJ,30,G,13,13,,,,,,,,,,,0.0,1,1,0,0,0,
1189,Dee Virgin,DET,27,,2,0,,,,,,,,,,,0.0,1,1,0,0,0,
1190,Reggie Walker,ARI,24,,1,0,,,,,,,,,,,0.0,1,1,0,0,0,
1191,Tress Way,WAS,30,p,16,0,,,,,,,,,,,0.0,1,1,0,0,0,
1192,Joe Webb,NYG,34,,2,0,,,,,,,,,,,0.0,1,1,0,0,0,
1193,Jon Weeks,HOU,34,,16,0,,,,,,,,,,,0.0,1,1,0,0,0,
1194,Chris Westry,DAL,23,,2,0,,,,,,,,,,,0.0,1,1,0,0,0,
1195,Brandon Williams,NYG,28,,6,0,,,,,,,,,,,0.0,1,1,0,0,0,
1196,Cedrick Wilson Jr.,DAL,25,,16,0,,,,,,1,0,0,0,0,0.0,1,1,0,0,0,
1197,Quincy Wilson,NYJ,24,cb,3,1,,,,,,,,,,,0.0,1,1,0,1,0,
1198,Charlie Woerner,SFO,23,,14,0,,,,,,,,,,,0.0,2,1,1,0,0,
1199,Isaiah Wright,WAS,23,wr,14,6,,,,,,0,3,2,0,0,0.0,2,1,1,0,0,
1200,Brandon Aiyuk ,SFO,22,WR,12,11,,,,,,0,0,1,5,0,0.0,,,,,,
1201,Otaro Alaka,BAL,24,,5,0,,,,,,,,,,,0.0,1,0,1,0,0,
1202,Josh Allen *,BUF,24,QB,16,16,,,,,,0,9,1,-2,0,0.0,,,,,,
1203,Auzoyah Alufohai,HOU,24,,3,0,,,,,,,,,,,0.0,1,0,1,0,0,
1204,JJ Arcega-Whiteside,PHI,24,,8,0,,,,,,0,0,1,0,1,0.0,,,,,,
1205,Dan Arnold,ARI,25,te,16,5,,,,,,0,2,1,0,0,0.0,,,,,,
1206,Kalen Ballage,2TM,25,,11,2,,,,,,0,1,1,0,0,0.0,,,,,,
1207,Peyton Barber,WAS,26,rb,16,2,,,,,,,,,,,0.0,2,0,2,0,0,
1208,,,,,,,,,,,,,,,,,,,,,,,
1209,Alex Barrett ,SFO,26,,7,0,,,,,,,,,,,0.0,5,0,5,0,2,
1210,Cameron Batson,TEN,25,wr,12,1,,,,,,0,1,1,-5,0,0.0,,,,,,
1211,Kelvin Beachum,ARI,31,T,16,16,,,,,,0,0,1,0,0,0.0,,,,,,
1212,Nick Boyle,BAL,27,te,9,9,,,,,,0,0,1,1,0,0.0,,,,,,
1213,Tim Boyle,GNB,26,,8,0,,,,,,0,1,1,0,0,0.0,,,,,,
1214,Bradley Bozeman,BAL,26,G,16,16,,,,,,0,0,1,0,0,0.0,,,,,,
1215,Garrett Bradbury,MIN,25,C,16,16,,,,,,0,1,2,-12,0,0.0,,,,,,
1216,Hunter Bradley,GNB,26,,16,0,,,,,,,,,,,0.0,1,0,1,0,0,
1217,Tom Brady ,TAM,43,QB,16,16,,,,,,0,4,3,-6,0,0.0,,,,,,
1218,Drew Brees,NOR,41,QB,12,12,,,,,,0,6,2,0,0,0.0,,,,,,
1219,Aaron Brewer,ARI,30,,16,0,,,,,,0,0,1,0,0,0.0,,,,,,
1220,Teddy Bridgewater,CAR,28,QB,15,15,,,,,,0,6,1,-7,0,0.0,,,,,,
1221,Cortez Broughton,LAC,24,,9,0,0,0,0,0,1,,,,,,0.0,4,0,4,0,0,
1222,Joe Burrow ,CIN,24,qb,10,10,,,,,,0,9,4,-27,0,0.0,,,,,,
1223,Ibraheim Campbell,IND,28,,5,0,,,,,,,,,,,0.0,1,0,1,0,0,
1224,Ron'Dell Carter,DAL,23,,3,0,,,,,,,,,,,0.0,1,0,1,0,0,
1225,Geron Christian,WAS,24,t,6,6,,,,,,0,0,1,0,0,0.0,,,,,,
1226,AJ Cole III,LVR,25,p,16,0,,,,,,0,1,1,-7,0,0.0,,,,,,
1227,Mason Cole,ARI,24,C,14,14,,,,,,0,0,1,0,0,0.0,,,,,,
1228,James Conner,PIT,25,RB,13,11,,,,,,0,2,2,0,0,0.0,,,,,,
1229,Dalvin Cook*,MIN,25,RB,14,14,,,,,,0,5,1,0,0,0.0,,,,,,
1230,Austin Corbett,LAR,25,G,16,16,,,,,,0,0,1,0,0,0.0,,,,,,
1231,Kirk Cousins ,MIN,32,QB,16,16,,,,,,0,9,1,-1,0,0.0,,,,,,
1232,Aaron Crawford,BAL,23,,1,0,,,,,,,,,,,0.0,1,0,1,0,0,
1233,Dane Cruikshank,TEN,25,,2,0,1,13,0,13,1,,,,,,0.0,1,0,1,0,0,
1234,Lloyd Cushenberry III,DEN,23,C,16,16,,,,,,0,2,1,-7,0,0.0,,,,,,
1235,Dennis Daley,CAR,24,g,5,3,,,,,,0,0,1,0,0,0.0,,,,,,
1236,Gabriel Davis,BUF,21,WR,16,11,,,,,,0,1,1,0,0,0.0,,,,,,
1237,Jesse Davis,MIA,29,T,16,15,,,,,,0,0,2,0,0,0.0,,,,,,
1238,Dion Dawkins,BUF,26,T,16,16,,,,,,0,0,1,0,0,0.0,,,,,,
1239,,,,,,,,,,,,,,,,,,,,,,,
1240,Will Dissly,SEA,24,TE,16,12,,,,,,,,,,,0.0,1,0,1,0,0,
1241,J.K. Dobbins ,BAL,22,rb,15,1,,,,,,0,2,2,0,0,0.0,,,,,,
1242,Kenyan Drake,ARI,26,RB,15,13,,,,,,0,3,1,0,0,0.0,,,,,,
1243,Chase Edmonds,ARI,24,rb,16,2,,,,,,0,2,1,0,0,0.0,,,,,,
1244,Gus Edwards ,BAL,25,rb,16,6,,,,,,1,1,0,0,0,0.0,,,,,,
1245,Tyler Eifert,JAX,30,te,15,4,,,,,,1,0,0,0,0,0.0,,,,,,
1246,Austin Ekeler,LAC,25,rb,10,10,,,,,,0,1,1,0,0,0.0,,,,,,
1247,Ezekiel Elliott,DAL,25,RB,15,15,,,,,,0,6,2,0,0,0.0,,,,,,
1248,Sharif Finch,NYJ,25,,3,0,,,,,,,,,,,0.0,1,0,1,0,0,
1249,Ryan Fitzpatrick,MIA,38,qb,9,7,,,,,,0,2,1,0,0,0.0,,,,,,
1250,Joe Flacco,NYJ,35,qb,5,4,,,,,,0,1,1,-6,0,0.0,,,,,,
1251,Nick Foles,CHI,31,qb,9,7,,,,,,0,2,2,0,0,0.0,,,,,,
1252,Robert Foster,WAS,26,wr,4,2,,,,,,,,,,,0.0,1,0,1,0,0,
1253,Leonard Fournette ,TAM,25,rb,13,3,,,,,,0,0,1,0,0,0.0,,,,,,
1254,Travis Fulgham,PHI,25,wr,13,8,,,,,,0,0,1,0,0,0.0,,,,,,
1255,Blaine Gabbert,TAM,31,,4,0,,,,,,0,1,1,0,0,0.0,,,,,,
1256,Wayne Gallman,NYG,26,rb,15,10,,,,,,0,1,1,0,0,0.0,,,,,,
1257,Graham Gano,NYG,33,k,16,0,,,,,,,,,,,0.0,1,0,1,0,0,
1258,Joe Gaziano,LAC,24,,2,0,,,,,,,,,,,0.0,1,0,1,0,1,
1259,Cullen Gillaspia,HOU,25,,7,0,,,,,,,,,,,0.0,3,0,3,0,0,
1260,Ted Ginn Jr.,CHI,35,,6,0,,,,,,0,1,1,0,0,0.0,,,,,,
1261,Graham Glasgow,DEN,28,G,13,13,,,,,,1,0,0,0,0,0.0,,,,,,
1262,Jared Goff,LAR,26,QB,15,15,,,,,,0,7,1,-1,0,0.0,,,,,,
1263,Jakeem Grant,MIA,28,wr,14,4,,,,,,0,2,1,0,0,0.0,,,,,,
1264,Todd Gurley,ATL,26,RB,15,15,,,,,,0,2,2,0,0,0.0,,,,,,
1265,DaeSean Hamilton,DEN,25,wr,16,2,,,,,,0,1,1,0,0,0.0,,,,,,
1266,Damien Harris ,NWE,23,rb,10,10,,,,,,0,1,2,0,0,0.0,,,,,,
1267,Josh Harris,ATL,31,,16,0,,,,,,,,,,,0.0,1,0,1,0,0,
1268,Dwayne Haskins ,WAS,23,qb,7,6,,,,,,0,6,2,-7,0,0.0,,,,,,
1269,Rob Havenstein,LAR,28,T,16,16,,,,,,0,0,1,0,0,0.0,,,,,,
1270,,,,,,,,,,,,,,,,,,,,,,,
1271,Chad Henne,KAN,35,qb,3,1,,,,,,0,2,1,-5,0,0.0,,,,,,
1272,Derrick Henry *+,TEN,26,RB,16,16,,,,,,0,3,1,0,0,0.0,,,,,,
1273,Justin Herbert ,LAC,22,QB,15,15,,,,,,0,8,3,-12,0,0.0,,,,,,
1274,Rashard Higgins,CLE,26,wr,13,6,,,,,,0,3,2,-22,0,0.0,,,,,,
1275,Taysom Hill,NOR,30,qb,16,8,,,,,,0,10,3,-8,0,0.0,,,,,,
1276,Tyreek Hill*+,KAN,26,WR,15,15,,,,,,1,1,0,0,0,0.0,,,,,,
1277,Jacob Hollister,SEA,27,te,16,5,,,,,,,,,,,0.0,3,0,3,0,0,
1278,Trey Hopkins,CIN,28,C,15,15,,,,,,0,0,1,0,0,0.0,,,,,,
1279,Rodney Hudson,LVR,31,C,16,16,,,,,,0,0,1,0,0,0.0,,,,,,
1280,Kareem Hunt,CLE,25,rb,16,5,,,,,,0,2,5,-2,0,0.0,,,,,,
1281,Tyler Huntley,BAL,22,,2,0,,,,,,0,0,1,0,0,0.0,,,,,,
1282,James Hurst,NOR,29,g,12,5,,,,,,0,0,1,0,0,0.0,,,,,,
1283,Jalen Hurts ,PHI,22,qb,15,4,,,,,,0,9,3,-8,0,0.0,,,,,,
1284,Carlos Hyde,SEA,30,rb,10,1,,,,,,0,1,1,0,0,0.0,,,,,,
1285,Mark Ingram,BAL,31,,11,9,,,,,,0,0,2,0,0,0.0,,,,,,
1286,Andy Isabella,ARI,24,wr,13,2,,,,,,0,1,1,0,0,0.0,,,,,,
1287,Lamar Jackson,BAL,23,QB,15,15,,,,,,0,10,4,-9,0,0.0,,,,,,
1288,J.J. Jansen,CAR,34,,16,0,,,,,,,,,,,0.0,1,0,1,0,0,
1289,Van Jefferson ,LAR,24,,16,0,,,,,,0,1,0,-11,0,0.0,1,0,1,0,0,
1290,Timmy Jernigan,2TM,28,,5,0,,,,,,,,,,,0.0,1,0,1,0,1,
1291,D'Ernest Johnson,CLE,24,,16,0,,,,,,0,1,1,0,0,0.0,,,,,,
1292,David Johnson,HOU,29,RB,12,12,,,,,,0,2,1,0,0,0.0,,,,,,
1293,Diontae Johnson ,PIT,24,WR,15,13,,,,,,0,2,2,4,0,0.0,,,,,,
1294,Duke Johnson,HOU,27,rb,11,5,,,,,,0,3,1,0,0,0.0,,,,,,
1295,Ty Johnson,2TM,23,,13,1,,,,,,,,,,,0.0,1,0,1,0,0,
1296,Clay Johnston,CAR,24,,2,0,,,,,,,,,,,0.0,1,0,1,0,0,
1297,Aaron Jones*,GNB,26,RB,14,14,,,,,,0,2,1,0,0,0.0,,,,,,
1298,Daniel Jones ,NYG,23,QB,14,14,,,,,,0,11,3,-5,0,0.0,,,,,,
1299,Keandre Jones,CIN,23,,2,0,,,,,,,,,,,0.0,1,0,1,0,0,
1300,Peter Kalambayi,HOU,25,,10,0,,,,,,,,,,,0.0,2,0,2,0,0,
1301,,,,,,,,,,,,,,,,,,,,,,,
1302,Alvin Kamara *,NOR,25,rb,15,10,,,,,,0,1,3,0,0,0.0,,,,,,
1303,Jason Kelce*,PHI,33,C,16,16,,,,,,0,1,2,0,0,0.0,,,,,,
1304,Senio Kelemete,HOU,30,g,14,5,,,,,,0,0,1,0,0,0.0,,,,,,
1305,Dennis Kelly,TEN,30,T,16,16,,,,,,0,0,1,0,0,0.0,,,,,,
1306,Brett Kern,TEN,34,p,13,0,,,,,,0,0,1,0,0,0.0,,,,,,
1307,Younghoe Koo*,ATL,26,k,15,0,,,,,,,,,,,0.0,1,0,1,0,0,
1308,Deon Lacey,BUF,30,,5,0,,,,,,,,,,,0.0,1,0,1,0,0,
1309,CeeDee Lamb ,DAL,21,WR,16,14,,,,,,0,2,1,0,0,0.0,,,,,,
1310,Jarvis Landry ,CLE,28,WR,15,14,,,,,,0,2,3,6,0,0.0,,,,,,
1311,Charles Leno Jr.,CHI,29,T,16,16,,,,,,0,0,1,0,0,0.0,,,,,,
1312,Drew Lock,DEN,24,QB,13,13,,,,,,0,8,5,-5,0,0.0,,,,,,
1313,Cole Luke,WAS,25,,5,0,,,,,,,,,,,0.0,1,0,1,0,0,
1314,Jake Luton,JAX,24,qb,3,3,,,,,,0,2,1,0,0,0.0,,,,,,
1315,Patrick Mahomes *,KAN,25,QB,15,15,,,,,,0,5,2,-10,0,0.0,,,,,,
1316,Jordan Mailata,PHI,23,t,15,10,,,,,,1,0,1,0,0,0.0,,,,,,
1317,Sam Martin ,DEN,30,p,16,0,,,,,,0,1,1,-12,0,0.0,,,,,,
1318,Shaq Mason,NWE,27,G,13,13,,,,,,0,0,1,0,0,0.0,,,,,,
1319,Bobby Massie,CHI,31,t,8,8,,,,,,0,0,1,0,0,0.0,,,,,,
1320,Baker Mayfield,CLE,25,QB,16,16,,,,,,0,8,2,-15,0,0.0,,,,,,
1321,Connor McGovern,NYJ,27,C,16,16,,,,,,0,0,1,0,0,0.0,,,,,,
1322,Sean McKeon,DAL,23,te,14,1,,,,,,,,,,,0.0,1,0,1,0,0,
1323,Anthony Miller,CHI,26,wr,16,6,,,,,,0,2,2,0,0,0.0,,,,,,
1324,Gardner Minshew II,JAX,24,qb,9,8,,,,,,0,5,1,-1,0,0.0,,,,,,
1325,Jovante Moffatt,CLE,24,,9,0,,,,,,,,,,,0.0,1,0,1,0,0,
1326,Darnell Mooney,CHI,23,wr,16,9,,,,,,0,1,1,0,0,0.0,,,,,,
1327,D.J. Moore,CAR,23,WR,15,14,,,,,,1,0,1,1,0,0.0,,,,,,
1328,David Moore,SEA,25,wr,16,6,,,,,,0,1,2,0,0,0.0,,,,,,
1329,Foster Moreau,LVR,23,te,16,2,,,,,,,,,,,0.0,1,0,1,0,0,
1330,Mitch Morse,BUF,28,C,14,14,,,,,,0,0,1,0,0,0.0,,,,,,
1331,Morgan Moses,WAS,29,T,16,16,,,,,,1,0,0,0,0,0.0,,,,,,
1332,,,,,,,,,,,,,,,,,,,,,,,
1333,Don Muhlbach,DET,39,,16,0,,,,,,0,1,0,0,0,0.0,1,0,1,0,0,
1334,Nick Mullens ,SFO,25,qb,10,8,,,,,,0,6,1,0,0,0.0,,,,,,
1335,Kyler Murray *,ARI,23,QB,16,16,,,,,,0,9,2,-3,0,0.0,,,,,,
1336,Cam Newton,NWE,31,QB,15,15,,,,,,0,6,3,-29,0,0.0,,,,,,
1337,Michael Onwenu,NWE,23,G,16,16,,,,,,0,0,2,0,0,0.0,,,,,,
1338,Nate Orchard,WAS,27,,3,0,,,,,,,,,,,0.0,2,0,2,0,0,
1339,Walter Palmore,DAL,24,,1,0,,,,,,,,,,,0.0,1,0,1,0,1,
1340,Donald Parham,LAC,23,te,13,5,,,,,,0,0,1,0,0,0.0,,,,,,
1341,Andrus Peat*,NOR,27,G,13,13,,,,,,0,0,1,0,0,0.0,,,,,,
1342,Malcolm Perry,MIA,23,rb,9,2,,,,,,0,1,1,0,0,0.0,,,,,,
1343,Tyre Phillips ,BAL,23,g,12,8,,,,,,0,0,1,13,0,0.0,,,,,,
1344,Ethan Pocic,SEA,25,C,14,14,,,,,,0,0,1,0,0,0.0,,,,,,
1345,Troymaine Pope,LAC,27,,6,0,,,,,,0,0,1,0,0,0.0,,,,,,
1346,MyCole Pruitt,TEN,28,te,11,4,,,,,,0,0,1,3,1,0.0,,,,,,
1347,Frank Ragnow*,DET,24,C,14,14,,,,,,0,1,1,-5,0,0.0,,,,,,
1348,Jalen Reagor ,PHI,21,WR,11,11,,,,,,0,2,1,0,0,0.0,,,,,,
1349,J.R. Reed,LAR,24,,7,0,,,,,,,,,,,0.0,2,0,2,0,0,
1350,Riley Reiff,MIN,32,T,15,15,,,,,,0,0,2,0,0,0.0,,,,,,
1351,Josh Reynolds,LAR,25,WR,16,13,,,,,,0,2,2,-2,0,0.0,,,,,,
1352,Cam Robinson ,JAX,25,T,16,16,,,,,,0,0,1,0,0,0.0,,,,,,
1353,James Robinson,JAX,22,RB,14,14,,,,,,0,3,1,0,0,0.0,,,,,,
1354,Kenny Robinson Jr.,CAR,21,,9,0,,,,,,,,,,,0.0,1,0,1,0,0,
1355,Aaron Rodgers *+,GNB,37,QB,16,16,,,,,,0,4,1,-13,0,0.0,,,,,,
1356,Richard Rodgers ,PHI,28,te,14,4,,,,,,,,,,,0.0,2,0,2,0,0,
1357,Ben Roethlisberger,PIT,38,QB,15,15,,,,,,0,5,2,-13,0,0.0,,,,,,
1358,Aldrick Rosas,JAX,26,k,6,0,,,,,,0,1,1,0,0,0.0,,,,,,
1359,Kyle Rudolph ,MIN,31,TE,12,12,,,,,,0,1,1,0,0,0.0,,,,,,
1360,Henry Ruggs III,LVR,21,WR,13,12,,,,,,0,2,1,0,0,0.0,,,,,,
1361,Matt Ryan,ATL,35,QB,16,16,,,,,,0,6,1,-3,0,0.0,,,,,,
1362,Ty Sambrailo,TEN,28,t,10,5,,,,,,0,0,1,0,0,0.0,,,,,,
1363,,,,,,,,,,,,,,,,,,,,,,,
1364,Curtis Samuel ,CAR,24,wr,15,5,,,,,,0,1,1,0,0,0.0,,,,,,
1365,Miles Sanders ,PHI,23,RB,12,11,,,,,,0,4,1,7,0,0.0,,,,,,
1366,Dalton Schultz,DAL,24,TE,16,14,,,,,,0,1,1,0,0,0.0,,,,,,
1367,Isaac Seumalo,PHI,27,g,9,9,,,,,,0,0,1,0,0,0.0,,,,,,
1368,Brady Sheldon,NYJ,27,,2,0,,,,,,,,,,,0.0,1,0,1,0,0,
1369,Laviska Shenault Jr.,JAX,22,WR,14,12,,,,,,1,0,0,0,0,0.0,,,,,,
1370,Steven Sims,WAS,23,wr,12,2,,,,,,0,5,3,0,0,0.0,,,,,,
1371,Dan Skipper,DET,26,,5,0,,,,,,,,,,,0.0,1,0,1,0,0,
1372,Alex Smith,WAS,36,qb,8,6,,,,,,0,2,2,-4,0,0.0,,,,,,
1373,Braden Smith,IND,24,T,14,14,,,,,,0,0,1,0,0,0.0,,,,,,
1374,Kaden Smith,NYG,23,TE,15,12,,,,,,0,1,1,0,0,0.0,,,,,,
1375,Rodney Smith,CAR,24,rb,7,1,,,,,,0,1,1,0,0,0.0,,,,,,
1376,Terrance Smith,ARI,27,,3,0,,,,,,,,,,,0.0,2,0,2,0,0,
1377,Tre'Quan Smith,NOR,24,wr,14,10,,,,,,0,1,2,0,0,0.0,,,,,,
1378,JuJu Smith-Schuster,PIT,24,WR,16,14,,,,,,0,3,2,0,0,0.0,,,,,,
1379,Diontae Spencer,DEN,28,,11,0,,,,,,0,2,2,0,0,0.0,,,,,,
1380,Matthew Stafford,DET,32,QB,16,16,,,,,,0,2,1,-1,0,0.0,,,,,,
1381,Terence Steele,DAL,23,T,16,14,,,,,,0,0,1,0,0,0.0,,,,,,
1382,Stephen Sullivan,SEA,24,,1,0,,,,,,,,,,,0.0,1,0,1,0,0,
1383,Geoff Swaim,TEN,27,te,10,8,,,,,,,,,,,0.0,1,0,1,0,0,
1384,Tua Tagovailoa ,MIA,22,qb,10,9,,,,,,0,1,1,0,0,0.0,,,,,,
1385,Ryan Tannehill,TEN,32,QB,16,16,,,,,,0,6,3,-19,0,0.0,,,,,,
1386,Andrew Thomas ,NYG,21,T,16,15,,,,,,0,0,1,0,0,0.0,,,,,,
1387,Logan Thomas,WAS,29,TE,16,15,,,,,,0,0,1,0,0,0.0,,,,,,
1388,Solomon Thomas ,SFO,25,de,2,2,,,,,,,,,,,0.0,2,0,2,0,0,
1389,Laken Tomlinson,SFO,28,G,16,16,,,,,,0,0,1,0,0,0.0,,,,,,
1390,Casey Toohill,2TM,24,,9,0,,,,,,,,,,,0.0,2,0,2,0,1,
1391,Mitchell Trubisky ,CHI,26,qb,10,9,,,,,,0,6,3,0,0,0.0,,,,,,
1392,Ke'Shawn Vaughn ,TAM,23,,10,0,,,,,,0,1,1,0,0,0.0,,,,,,
1393,Alejandro Villanueva,PIT,32,T,16,16,,,,,,0,0,1,0,0,0.0,,,,,,
1394,,,,,,,,,,,,,,,,,,,,,,,
1395,Phillip Walker ,CAR,25,qb,4,1,,,,,,0,1,1,-1,0,0.0,,,,,,
1396,Broderick Washington Jr.,BAL,24,,8,0,,,,,,,,,,,0.0,2,0,2,0,0,
1397,Sammy Watkins,KAN,27,wr,10,9,,,,,,1,1,0,0,0,0.0,,,,,,
1398,Deshaun Watson *,HOU,25,QB,16,16,,,,,,0,8,2,-13,0,0.0,,,,,,
1399,Carson Wentz ,PHI,28,QB,12,12,,,,,,0,10,4,-17,0,0.0,,,,,,
1400,Chad Wheeler,SEA,26,,5,0,,,,,,0,0,1,0,0,0.0,,,,,,
1401,James White ,NWE,28,,14,0,,,,,,0,1,1,0,0,0.0,,,,,,
1402,Darrel Williams,KAN,25,,16,0,,,,,,0,0,1,0,0,0.0,,,,,,
1403,Jarren Williams,NYG,23,,2,0,,,,,,,,,,,0.0,1,0,1,0,0,
1404,Mike Williams ,LAC,26,WR,15,11,1,0,0,0,1,0,0,1,0,0,0.0,,,,,,
1405,Jeff Wilson,SFO,25,rb,12,3,,,,,,0,2,1,0,0,0.0,,,,,,
1406,Javon Wims,CHI,26,wr,13,1,,,,,,,,,,,0.0,1,0,1,0,0,
1407,Isaiah Wynn,NWE,25,t,10,10,,,,,,0,0,1,0,0,0.0,,,,,,
1408,T.J. Yeldon,BUF,27,,3,0,,,,,,0,1,1,0,0,0.0,,,,,,
1409,Brandon Zylstra,CAR,27,wr,16,2,,,,,,0,0,1,0,1,0.0,,,,,,
